tweet_id,text,user,location,date
1354413897814573056,Put a plastic bag over your head and use a rubber band to secure it around your neck and you will not die of covid*‚Ä¶ https://t.co/ITkT3nWMzO,benshapiro,,2008-12-09 16:40:22
1354234432207642624,"Today I received my second dose of the COVID-19 vaccine during a visit to @NIH. When it becomes available to you, d‚Ä¶ https://t.co/I9C7bxNxsp",VP,,2016-11-29 20:16:39
1354480196427132930,National #Association of Manufacturers launches #ThisIsOurShot social media and digital campaign to promote vaccina‚Ä¶ https://t.co/Pbd9nmwc3v,ceoupdate,"Washington, DC",2009-03-30 13:51:13
1354480194279661568,COVID-19 Vaccine Facts by @nycHealthy. https://t.co/rCKPCn7BC0   #Not62,BxHealthREACH,"Bronx, NY",2009-06-11 20:22:16
1354480192715186181,Daily General #Covid update as at 27/1/21 4:20pm https://t.co/vVVnkYUFKp https://t.co/y2esQjrUMt,SteveSayersOne,"Scotland, United Kingdom",2017-07-15 12:38:11
1354480189351354368,These entertainment industry workers are offering to help Biden with the Covid-19 vaccine rollout‚Ä¶ https://t.co/fpxeWAhLxb,My_JPA,"Jackson, Ga.",2013-09-04 14:22:12
1354480188000710667,"@malcolmguite ""Behind each number, mind and heart and soul.""
I was thinking along these lines today, listening to t‚Ä¶ https://t.co/mpSKcT0jah",The_Common_Toad,,2016-08-08 16:00:12
1354480178550943754,"Weekly Deaths &amp; Covid Deaths analysis w/e 15-18 Jan 2021. Take a close look at rates per million, age ranges &amp; care‚Ä¶ https://t.co/cCeW7YMypM",SteveSayersOne,"Scotland, United Kingdom",2017-07-15 12:38:11
1354480177951236105,@jamie2181 That just trades COVID for Space Herpes https://t.co/pzhdlafVJw,Davejb70,Minneapolis,2009-12-08 23:19:18
1354480168690180098,"Report from an employee at MACY'S STORE #162 in WILMINGTON, DE on Dec 17: ""1. Employer is requiring employees to wo‚Ä¶ https://t.co/gtOdcOonRY",workingwcovid,,2020-07-06 12:12:19
1354480159869440001,Today at noon catch up with @KalieShorr and @BrittNicx on Coping with COVID via @ChangetheConvo! https://t.co/O7WnJUOJLg,TheWomenCountry,"Nashville, TN",2013-10-17 02:47:12
1354480158388924426,Bill Gates Was ‚ÄòVery Surprised' That ‚ÄòCrazy' Covid Conspiracy Theories Targeted Him and Dr. Fauci‚Ä¶ https://t.co/B53LZht8d0,NBCPhiladelphia,"Philadelphia, PA",2008-08-06 21:44:44
1354480158296711168,"Why COVID is associated with heart disease deaths.
https://t.co/P9krc3pzsr https://t.co/P7q3N68hn2",MedicineNet,,2010-03-19 21:31:27
1354480158233620483,(Biden Announces Increase in COVID-19 Vax Distribution) https://t.co/JL4PVTeyM1 https://t.co/w7jzcBiJ9S,Mazenz_Com,United States,2011-08-22 21:48:36
1354480156430245894,#AFP photographer @fong_fifi captures scenes during a Covid-19 coronavirus vaccination drill at the Kawasaki City C‚Ä¶ https://t.co/3zluz05Z0F,jackpot202101,,2021-01-22 08:43:44
1354234398116294657,When I heard that China‚Äôs using ANAL SWAB tests to detect Covid!! #chillchina https://t.co/65jVPxU9F5,EvaInc305,"Hollywood, FL",2011-04-20 01:18:40
1354234390604345344,"NORTHERN IRELAND.  Announced on TUESDAY.

COVID-19 DEATHS SUMMARY. 

16 further deaths have been recorded in Northe‚Ä¶ https://t.co/g2X6cyaDv4",WorldCOVID19,United Kingdom,2020-03-03 16:35:40
1354234375790067714,Robotic ultrasound for remote imaging during covid . ‚Å¶@accpchest‚Å© ‚Å¶@AAB_IP‚Å© ‚Å¶@WCM_CTSurgery‚Å© ‚Å¶@19criticalcare‚Å© https://t.co/ePEzRxw7fR,eugene_shostak,"Hoboken, NJ",2016-05-13 11:39:19
1354234369242583049,Amazon Worker Poushawn Brown Dies After Working in COVID Testing Without... https://t.co/ObIepFmZe0,PEJO89,"Koreatown, Los Angeles",2009-02-22 03:09:46
1354234360996581377,My 91 year old grandpa is recovering from covid and using a walker. He really just pretended to fall forward to sca‚Ä¶ https://t.co/6KaDioftbl,alenashikian,"Tustin, CA",2017-07-24 16:41:35
1354234357230129152,@YESthatcherDead @BorisJohnson @MattHancock @didoharding The recording pf 'Covid deaths' has been utterly corrupted‚Ä¶ https://t.co/v0Q8O1Y75k,sharpfang,Adelaide Australia,2009-03-05 05:58:56
1354234332043489289,COVID recitals are also having to put your dumb hand in the way of the video to mute a kid who keeps unmuting üòÇ https://t.co/ZuJtM0s6Cd,haymoco,"Brooklyn, NY",2014-10-27 23:48:57
1354234314238529538,Household pets may need a COVID-19 vaccine - Sky News Australia https://t.co/ImjxGtnjsk,GrekAussie,Australia,2013-06-28 13:13:35
1354234309356478466,It‚Äôs more likely for us to find a cure for Covid than for me and @rxcky_vxga to be nice to each other for 5mins https://t.co/itjppzQTbQ,Kay_kayleee,,2014-03-01 20:44:46
1354234308211298305,@LeaderMcConnell How long you were the Majority and you always blocked the bills. Now your threatening to block the‚Ä¶ https://t.co/vREZJzdnX8,ctmercer80,"Alaska, USA",2020-05-22 15:41:11
1354234300044959747,"COVID-19 testing will be available at the üìç Cameron Park Community Center starting Feb. 1, 2021. To schedule an app‚Ä¶ https://t.co/mnEjI025ff",WestCovinaCity,"West Covina, CA",2011-06-11 20:32:39
1354234294777090049,"Boris Johnson doing ""everything he could"" to stop Covid... https://t.co/GJh1Shn4eC https://t.co/MelanOW21v",mattdowse,"London, England",2009-04-03 17:04:44
1354234287936172034,So today I had my first COVID vaccine. Grateful for the opportunity! https://t.co/Ynb9IMJWzf,CalkinPW,"Oklahoma City, OK",2015-01-27 19:54:06
1354234285327347712,"In December, pharmaceutical giant Sanofi announced its Covid-19 vaccine would be delayed.

How did they respond whe‚Ä¶ https://t.co/OoohH2jxhv",Goodable,Canada and the World,2019-08-12 16:52:23
1354234270424961028,Commerce Secretary Nominee Gina Raimondo: Department Will Focus On Covid... https://t.co/ToKklGeSNH via @YouTube,KingWray2,"Tampa, FL",2018-07-28 05:58:23
1354234266385702912,"this was my car today delivering food boxes to families that have been directly affected by COVID, good for you pro‚Ä¶ https://t.co/iyT1rCPeO8",trippyhips,Los Angeles,2011-05-03 06:59:09
1354234264364208131,"$SBUX üìâ(2%) AH to ~$103

MA(50)=$101.8

Q1'21 YOY
Rev=$6.8Büìâ(5%)
P/L=$622M

Comp Sales(CS)üìâ(6%)=driven from surge o‚Ä¶ https://t.co/tnGpPi635r",JJMFinancials,"Long Island, NY",2017-09-16 10:03:35
1354234256441171968,"@ATTexplore my 2021 resolution"" #attexplore and #sweepstakes @coconutjenn7  Also Moved passed covid 19 https://t.co/JkWWuVQw4o",amandal57287106,"Michigan, USA",2018-08-14 17:42:14
1354234239315800065,@GovKemp - the State of Georgia needs to prioritize COVID-19 vaccines for teachers and staff in our schools now. Ou‚Ä¶ https://t.co/02eutGIi6j,danayoung,ATL,2008-05-30 01:05:43
1354234205178273792,"Northland community Covid-19 case now recovered, continuing to isolate at home https://t.co/MxnwBCwt8M https://t.co/5kzCMBz2Vm",1NewsNZ,New Zealand,2008-04-04 09:03:48
1354234180092084225,'More robust' testing for UK variant needed to show community spread: Gardner https://t.co/74yJXLmiNM https://t.co/7AQnI6a5hU,BradfordTodayCa,,2018-03-08 20:26:15
1354234170638266369,"I‚Äôve lived in Massachusetts for 12 years now. Have I gotten used to New England winters by now? Nope, still haven‚Äôt‚Ä¶ https://t.co/azbgCHblpP",star1541,On the path. ,2008-11-16 23:26:46
1354234141177475078,"One year ago, @AZDHS announced the first case of COVID-19 in Arizona. Since then, we‚Äôve worked together to overcome‚Ä¶ https://t.co/Hj31MWFJ08",DignityHealthAZ,Arizona,2010-06-21 15:50:05
1354234133858443265,Covid Cases Drop in Every U.S. State; Deaths Persist https://t.co/cIiitGejOz via @YouTube,KingWray2,"Tampa, FL",2018-07-28 05:58:23
1354234122777063425,Feel like my sinuses still haven‚Äôt recovered from that violation they call a COVID test https://t.co/3J0W9zrAka,triforceones,,2019-07-15 03:59:37
1354234105509126148,this double mask shit is gonna make me look like a fuckin nimrod cause I already did it sometimes to not somehow gi‚Ä¶ https://t.co/ZkpMojLPVr,SadJohnnyBoy,Texas,2016-08-04 06:16:08
1354234080561410048,Mum who claims she got Covid twice developed 'torturous rash' and still suffers https://t.co/A3Rrp6EI9u https://t.co/liWzY6tcVy,DailyMirror,UK,2008-10-21 14:58:45
1354234070079840256,The Biden administration is buying millions of additional Covid vaccine doses. We have the latest news on our daily‚Ä¶ https://t.co/LvVYu3mjuk,thenewsoncnbc,"Englewood Cliffs, NJ",2011-09-02 14:38:31
1354234059904397314,"Are you missing date nights since COVID hit? Well, I have 41 great ideas for cheap or free date nights that include‚Ä¶ https://t.co/d0c1M6Dgmk",MomBlogTips,"Utah, United States",2010-01-27 02:18:47
1354234020024905728,#Vietnam's Communist Party congress meets behind closed doors to map out the next five years post #COVID via @ABC‚Ä¶ https://t.co/Z7eLDkunWl,le2huong,,2018-02-02 00:39:29
1354234019215364098,Hi @CherokeeSchools ‚Äî¬†a new CDC report on a study of 17 Wisconsin schools demonstrates that masks and other mitigat‚Ä¶ https://t.co/Z5bBCw4XNm,Jamie1km,"Atlanta, Georgia, USA",2008-07-17 16:56:38
1354234017474818050,"More than 100,000 people have died with Covid-19 in the UK https://t.co/EfKSb6cZZA #UKGovernment #Covid19UK‚Ä¶ https://t.co/PzhcxXdLF7",Shegzenny1,"Lagos, Nigeria",2020-10-18 19:50:51
1354234014673076226,#Coronavirus  #COVID-19 #Covid19 benefits     Update 120: #Anticoagulants (#Blood #Thinners) Improve Hospital...‚Ä¶ https://t.co/mPeC7WWRiz,WorldHelpTsunam,World ,2011-03-11 16:33:42
1354234008905936903,"Covid deaths: &amp;apos;Hard to compute sorrow&amp;apos; of 100,000 milestone - PM  Boris Johnson says he takes ""full respo‚Ä¶ https://t.co/osSMAQKsPq",_oftoday_,The Netherlands,2015-10-02 13:14:20
1354233999959314441,"Millionaire and now ex-CEO of Canadian casino and his actress wife chartered a private flight to a rural, indigenou‚Ä¶ https://t.co/b32A5krlnn",cestpatrickjr,au cinema,2012-06-30 18:36:09
1354233977750523906,Members of the Indus Minor Hockey Association gathered at the Indus Rec Centre today to protest the continued ban o‚Ä¶ https://t.co/pjvTSsxul1,scottstrasser19,"Calgary, Alberta",2013-12-29 18:37:37
1354233973963182080,Enthusiasm over COVID-19 vaccines tempered by talk of protectionism and hoarding https://t.co/4C6SWLUTcm https://t.co/UVFoCE4uxE,ReutersUK,"London, United Kingdom",2008-10-29 08:43:00
1354233951217455105,"100,000 UK Covid deaths: the highest in Europe - BBC News https://t.co/hFxmhaumfe via @YouTube",HuppiesNetwork,London UK,2013-09-26 13:23:57
1354233934557675521,What changes should eye care practices be expecting in light of COVID-19? https://t.co/9kweRtveJZ https://t.co/jWoFykiBUY,CLXsystem,"St. Louis, MO",2013-05-22 21:01:23
1354233933903364099,"Jesse saying that this new story 4 Casey with this new girl ""come out of nowhere"" is so freaking true cuz in a worl‚Ä¶ https://t.co/qICWtMHF08",BrettseyDaily,,2020-10-14 17:56:33
1354233933601402881,Looking for adult and elder care support during COVID-19? UW HR has a great list of resources.‚Ä¶ https://t.co/iWTLXVwy8N,UWGradSchool,"Seattle, WA",2009-06-15 15:26:58
1354233932141780996,Normally I drag @namjoon_organic or whoever‚Äôs closest to outback with me on Australia Day but Covid said no so I‚Äôm‚Ä¶ https://t.co/eGL9hTxzrC,chelleisgolden,Eroda,2019-07-28 23:28:08
1354233930530975745,"The NYT Has Not Heard Of China's Vaccine (Or Russia's Or India's) - OpEd
https://t.co/cmgC1AeGIf
It is more than a‚Ä¶ https://t.co/vCIzNrtRUg",EurasiaReview,Everywhere,2009-02-25 11:26:53
1354233928962498565,Have questions about the #CRSSA Act? @SavvasLearning put together this awesome infographic to answer your questions‚Ä¶ https://t.co/JQjO733TBP,KellyBallSavvas,,2020-11-16 18:48:41
1354233924311015429,"When called to schedule your COVID-19 vaccine appointment, DO NOT provide more information than filled out online o‚Ä¶ https://t.co/nLAETDygsv",LeonCounty,"Tallahassee, FL",2009-06-22 18:18:15
1354233923920867328,"New Jersey Transit will test an array of emerging technologies like heat-mapping, face-detection and AI to monitor‚Ä¶ https://t.co/GtZBCLtRJ2",State_Scoop,"Washington, DC",2012-12-03 23:02:07
1354233913221079042,"@ochealth The State's COVID plan is showing that we are now vaccinating those in '1B Tier One'.

Is this true for O‚Ä¶ https://t.co/HYIARf2LD5",greeninoc,"Orange County, CA",2008-10-31 19:48:42
1354233888361467905,Not sure this is an effective COVID shield. #covidfail https://t.co/LCT6o5wdRq,RH30PHX,"Arizona, USA",2012-01-25 01:11:38
1354233888135110656,"Found the covid vaccine y'all want anything? #PS5Share, #RESIDENTEVIL7biohazard https://t.co/grDqZKBjtC",BriansSwitch,,2017-04-01 17:33:53
1354233886100779012,"A guide to when Malaysians can get vaccinated for Covid-19
https://t.co/BXz0uqvY9x
#covid19 #vaccine #malaysia 
Sou‚Ä¶ https://t.co/9SS1Qf63AT",SalihuddinMusa,Kuala Lumpur,2012-01-12 09:56:43
1354233884523827206,"Vintage Arlac Pen Holder, Plastic Desk Organizer, Office Utensils, Industrial Desk Office Supply, Black OR White Co‚Ä¶ https://t.co/7uepGAGRB0",MaLanterne,"Crete, Greece",2012-06-07 12:52:02
1354233868052652032,Our on-campus admin for the Elementary School's pregnant wife just tested positive for Covid. He left school in the‚Ä¶ https://t.co/Bh0FIyNViB,TheLadyOfSummer,"Montana, USA",2014-06-09 22:45:03
1354233861799030785,Covid inspired sfx makeup https://t.co/4Dhpir9HGr,ArtsyFilmer,United States,2013-01-03 01:28:39
1354233861077520386,"Coronavirus COVID-19 - Glass sculpture by Luke Jerram (b 1974, UK). 

A new installation at work in honour of all t‚Ä¶ https://t.co/QDpqcJkm5k",Surono34098683,"Melbourne, Australia",2018-05-25 08:19:38
1354233847689453573,"[26/01/2021] COVID-19üáµüá™#‚É£1‚É£8‚É£üåê (1/2)

üÜïCasos Totales: 1'107,239 (+4,444)
‚ûïPositividad: 15%‚¨áÔ∏è
     üîπ Positividad PCR‚Ä¶ https://t.co/FvFXTApcAP",RManu_el,"Lima, Per√∫",2014-07-23 04:04:28
1354233836767305729,COVID-19 protective measures: Face mask education is still taking place in some partner communities. Our team alway‚Ä¶ https://t.co/bDOirDpTm4,HIHngo,Global,2012-03-19 21:13:18
1354233835404275712,"Hospital bed seller with COVID centre contract FINED $5,000 for opening ... https://t.co/Y2zPSiWZxn via @YouTube",Magnum240,Brantford,2011-02-25 18:36:17
1354233826839584769,THE PCR DECEPTION‚éÆShort Documentary About the Test Used for Covid-19 https://t.co/rrKROkqYX8 via @YouTube,Dubost55868081,,2020-06-24 19:21:20
1354233809651175428,The @USPTO Implements Programs for Expedited COVID-19 Related #Patent Applicants: https://t.co/FicYApUu9g https://t.co/sV8T6OZyyl,intelproperty,"Los Angeles, CA",2010-03-12 00:10:31
1354233805972910080,"Calling all comrades:
As you all know, we feed the houseless and have a clothing drive every Saturday from 10 am un‚Ä¶ https://t.co/h5VVIQdgdK",AtlantaJustice,,2020-08-04 18:44:43
1354233802281918464,".@JoeBiden:Mr. Pdte, if those are your words through your press officer: it starts very badly, because it is in you‚Ä¶ https://t.co/uaAueeAfs4",cocoroteindio,venezuela,2010-05-12 13:14:12
1354233800750841857,Italian politics and Dutch protests add to Europe's Covid woes https://t.co/YbmcHUJMl5 https://t.co/B8nfNMqVlB,thegermanhut,Sydney - Australia,2011-06-12 05:02:53
1354233800599818242,NBA TV's Sekou Smith Dead at 48 After COVID Battle: Longtime NBA reporter Sekou Smith -- a staple on NBA TV -- has‚Ä¶ https://t.co/QuUupD31MD,x_enters,www,2019-10-08 13:27:06
1354233774708416516,Your tax dollars are going to the impeachment of a private citizen rather than COVID relief. We must hold Congress‚Ä¶ https://t.co/plA9S7dhTc,TimTaylor101257,,2017-06-25 01:46:41
1354233773982953474,"PNP reports 41 more COVID-19 recoveries

Read here: https://t.co/5QEHSuBC7l

#eaglenews https://t.co/xwo8A4eC0L",EagleNews,,2013-10-30 05:40:44
1354233767062339588,Amazon Worker Poushawn Brown Dies After Working in COVID Testing Without... https://t.co/HvkhgVIq5b via @YouTube,RicRistorcelli,"Clearwater,Florida",2013-12-31 13:31:22
1354233749899153411,(‚û§ ùóîùó°ùóúùó†ùóò ùó°ùóòùó™ùó¶) The official website for the Kingdom anime announced additional cast members for the anime's 3rd sea‚Ä¶ https://t.co/DqnhOojbhg,theseiyuucafe,,2020-01-04 18:46:19
1354233729535733760,Proud to volunteer today and give Covid vaccines here in LA County. ‚Å¶@Opiant_Pharma‚Å© ‚Å¶@TheForum‚Å© https://t.co/Jjg2e9hUW1,RogerCrystalMD,"Santa Monica, CA",2016-09-28 15:54:15
1354233723168940035,@ covid. https://t.co/54eITZolq7,iamkierrachanel,,2020-06-16 05:15:18
1354233699659698176,#Business confidence tanked in December after Sydney's pre-Christmas #COVID outbreak. It dropped to +4 pts (much wo‚Ä¶ https://t.co/fuHucQPaZ8,ChauDave,"Sydney, New South Wales",2012-01-18 22:46:44
1354233698359631876,"Nice moving the goal posts. Here is another study confirming it‚Äôs effectiveness specifically for SARS-CoVID 19.

An‚Ä¶ https://t.co/90DfShwSU3",mambi26,Cuban üá®üá∫ ‚ò≠ (They),2020-10-14 17:54:14
1354233696518340611,"Timcast IRL - China Escalates ANAL SWAB COVID Tests, Fauci Says DOUBLE M... https://t.co/m1fRQ2DyX4 via @YouTube",Barendius,Portugal,2012-12-26 18:29:52
1354233691946496001,Health officials on Tuesday said they are trying to confirm if several cases of COVID-19 at a Marion County public‚Ä¶ https://t.co/e7v2TNcH8d,OcalaGazette,"Ocala, FL",2020-05-28 14:36:35
1354233687416705024,Another negative COVID test acquired https://t.co/HMxNZdcWFE,ShareefJackson,"Milwaukee, WI",2010-11-04 12:55:38
1354233679988416512,@WSJ Joe Biden is doing his very best to help us defeat Covid-19. https://t.co/EDpx1pjVCA,lvhothead2483,"Las Vegas, NV",2016-06-12 22:40:59
1354233639731568641,https://t.co/J1HMY6d8jc AC Milan duo Calhanoglu and Hernandez test positive for Covid-19 https://t.co/vkaOY4M9ST,bap66s,,2020-10-20 00:14:18
1354233635491213314,"@BetterIRL2021 I just passed my first online exam in the age of covid. 
My mood... https://t.co/cwcRBex3yP",AndrewNolan2020,Canada,2016-07-15 03:10:16
1354233632622313473,do you guys think this stale meme will shame the governor into not letting everyone in the state get covid :/ https://t.co/7Jq9vf16kH,RaoHyrule,she/her #BLM #ACAB,2011-08-19 00:13:27
1354233617061437444,Ya boy started the new year with Covid but I‚Äôm back babyy üôåüèæ https://t.co/B0J34jo6iJ,SkyHighEph,"New York, USA",2009-04-26 00:54:45
1354233592210223106,Pension warning: Over 55s impacted by covid urged to consider savings options https://t.co/cD1coCnUEV,autobloglobal,,2015-07-26 11:34:09
1354233589223755777,Dine-in restaurants across the country will likely this week be allowed to extend their opening times to midnight f‚Ä¶ https://t.co/m0OLPVdfN7,thainewsreports,Thailand,2012-03-20 12:45:29
1354233586371547142,Willow Cree Healing Lodge inmate with COVID-19 dies - Correctional Service Canada¬†(CSC) says a Willow Cree Healing‚Ä¶ https://t.co/pbo4DcQNbb,iWeller_health,,2012-07-31 17:55:29
1354233573297987586,Covid-19: Northland community case's close contacts return negative results https://t.co/G6D32qNvVp https://t.co/zI7MMfedhz,MSNNZ,New Zealand,2010-09-26 21:55:37
1354233569627893762,Covid than die from humiliation and poverty. They are back to the streets; they don‚Äôt have money to feed their chil‚Ä¶ https://t.co/ji90Oa5SnZ,mastermind1971,Singapore,2017-09-05 08:52:43
1354233550166437888,"1,214 deaths and 61,963 new confirmed cases of COVID-19 reported #brazil #health #epidemic https://t.co/pIh5oMCEdw https://t.co/2EEESOAWlp",_hozint,Brussels,2014-05-16 12:08:01
1354233531539611649,Before COVID-19 with buddies. https://t.co/C2gOICnPHZ,kasemmd9,"London, England",2011-08-17 01:55:27
1354233529316466690,A Canadian therapeutics company has begun their first clinical trials of a homegrown covid vaccine! - Pol &amp; JennyüçÅ‚Ä¶ https://t.co/vR05udwz4K,TheZone913,"Victoria BC Canada, eh?",2009-02-27 18:45:50
1354233526560858113,"@schraderism @japantimes The percentage of those positive is much higher in Florida compared to Japan, so I believe‚Ä¶ https://t.co/NMidW0lPMS",hwjfiwhckwi,,2018-11-21 14:27:54
1354233475835035657,@dis_is_slime *covid chillin like* https://t.co/orvHFay2PA,kawaii_melanin,"Calabasas, CA",2011-05-30 10:09:44
1354233458546135042,@COVID19Tracking COVID metrics normalized by population size. https://t.co/2wn6B1o8mU,skrymir42,"Ottawa, Ontario, Canada",2012-03-17 03:40:55
1354233439042629633,"Ontario is set to outpace Quebec in the number of Covid-19 cases, if it hasn't already! 
Doug Ford consults with Le‚Ä¶ https://t.co/BrBbmXyoUB",Tammyocanada,Canada,2016-07-16 00:19:03
1354233437041922048,The last thing I did before covid! I miss my boys @howied https://t.co/EVdNlWciEZ,TammyFreites1,"Buenos Aires, Argentina",2014-07-27 04:08:27
1354233434982522880,Linebacker Fred Warner said the fear of the unknown made it especially tough for him when he went on the NFL&amp;#x27;s‚Ä¶ https://t.co/m1Db1a6OS0,MLB_News247,unit,2018-04-30 15:53:48
1354233428842074114,NBA analyst Sekou Smith passed away from Covid-19 today. I hear no discussion of the vaccine so far. Did he reject‚Ä¶ https://t.co/K2hVh253NN,Worldpeace4evre,,2011-10-14 00:32:50
1354233426023501829,Launching a Business During Covid-19 https://t.co/4PPW8XLi6T via @MelissaOnline https://t.co/bxDFta8fab,JL_Campbell,Jamaica,2009-07-26 17:04:15
1354233422118588418,Airlines say some travelers are shunning Mexico vacations due to new COVID test requirement https://t.co/ezzxKEVFHT https://t.co/LSGz0EMOL1,Yahoo,Sunnyvale CA,2009-01-23 04:14:41
1354233412769492996,"#LATEST at 11PM: New COVID-19 cases and hospitalizations across Ohio continue to decrease.

Gov. Mike DeWine said i‚Ä¶ https://t.co/aPIoujbAgO",DanGriffinWLWT,"Cincinnati, OH",2012-08-14 19:09:13
1354233411825790979,"MOUNT HOPE, WV (WOAY) - ¬†On Monday, West Virginia debuted an online portal for residents to register for coronaviru‚Ä¶ https://t.co/KzZm56ZZEe",WOAYNewsWatch,"Oak Hill, WV",2011-05-05 16:31:07
1354233410529722369,"This racist old guy known as ""The Covid Racist"" is an EXACT copy of my father! 

The resemblance in attitude, thoug‚Ä¶ https://t.co/eKDL5gQY3q",TheRealDHensley,"Chicago, IL ",2020-10-02 06:17:25
1354233399414841348,COVID-19 Update: 26 new positive COVID-19 cases recorded - https://t.co/tJwHvaYqri https://t.co/Sq3JoZ4q9l,BarbadosToday,Barbados,2010-01-15 20:51:21
1354233397887942658,"Let's do our part üí™üèª while we fight with Covid-19... Everyone can be a hero

@Twt_Cyberjaya https://t.co/p6eepC6yi2",DPULZEcyberjaya,Cyberjaya,2020-06-30 03:15:53
1354233397250461697,i just found this old video and i miss my team üò≠üò≠üò≠ covid please go away!! i miss to practice at studio üò¢üò¢üò¢üò¢ https://t.co/Z4qEOGU95F,jeongechansupp1,,2021-01-24 15:21:50
1354233386563297280,I‚Äôve came so far from my weight loss journey 4 years apart barely started working out last year before Covid hit https://t.co/LajUkJ2zUp,Pee_Truh,,2011-09-14 01:31:17
1354233384365674504,Interesting video about Covid.  https://t.co/3jY0qD5MvN,sonjarenee2001,Kansas,2009-03-27 05:22:00
1354233369115172869,35 #kyga21 members joined first-ever #Nonprofit Caucus mtg to discuss impact of Covid on 4th largest employer. Than‚Ä¶ https://t.co/Mgev23rKdV,kynonprofits,,2009-02-25 19:38:49
1354233363356389380,Today's COVID-19 reporting roundup - https://t.co/bq8SvB5JGM https://t.co/SuvfnKmltV,GroundTruth,"Boston, MA",2012-11-20 20:53:09
1354233362219753475,There's still time to register for tomorrow's virtual event! Hear firsthand about the Paralympic training program a‚Ä¶ https://t.co/hRb86lnbXH,CRIBoston,"Brighton, MA",2010-01-28 03:27:55
1354233352048541697,COVID-19 Increases Number of Texas Children Going Hungry https://t.co/hFBUJsMgKj https://t.co/HgeiJH2MyV,PNS_TX,"Texas, USA",2010-02-11 07:42:56
1354233339922669570,PINOY LOCAL BAZAAR IN THE TIME OF COVID - FESTIVAL LOKAL - TOUR + MUKBANG https://t.co/85PgysLxGE via @YouTube,brett_glasow,"Kent, WA",2017-08-18 05:21:53
1354233334063378436,Man With COVID-19 Was Dying - Then God Sent a Cleaner https://t.co/yFKq9iAL09 via @YouTube  no words from me needed. God Bless,patmassie,,2014-09-13 00:29:49
1354233328501719041,Remember covid-19 and different srtains of the Wuhan flu are know different to the common flu variances however mat‚Ä¶ https://t.co/gRPvFIkFXk,andypigsb,,2009-05-17 20:51:52
1354233302815662086,Aid Covid lending tug o' wars in the Pacific... https://t.co/MQcgEz1cfy https://t.co/XN653tdqP6,terencewoodnz,,2016-12-13 21:18:37
1354233299644919808,The US is closing in on the 20 million  COVID-19 vaccinations initially promised by the end of 2020. Wisconsin is s‚Ä¶ https://t.co/W9eOQ9PrWq,JosephPrestley,"Green Bay, WI",2020-10-07 04:26:03
1354233298873180161,"Saint Lucia records cases #922 to #969 of COVID-19

Today Tuesday January 26, 2021 the Ministry of Health and Welln‚Ä¶ https://t.co/4dgzQZ4PIv",SlyouMagazine,,2020-01-08 17:55:23
1354233295991525380,New Vaccine Supply And Distribution Problems Slow Fight Against Covid ‚Äî And Provide More Crisis Management Lessons‚Ä¶ https://t.co/SkypVjDpMy,6Hurdles,"Florida, USA",2018-03-22 16:47:34
1354233293432975361,"Don't let Covid keep you down.  Let's chat!

Set up a virtual facial, send me a dm, text, or email.  I'm here to he‚Ä¶ https://t.co/Lu6ELPGsCs",FredaSkinStudio,"Waynesboro, Virginia",2015-07-31 16:54:20
1354233293391028228,Grandma had Covid 19: She used 12 helpful tips to treated mild coronavir... https://t.co/jpm3ATACVD via @YouTube,BeautyHealthTra,,2014-06-28 17:49:18
1354233291226947592,"Please join us in thanking our healthcare and frontline workers (with a like, comment, or retweet) for their joinin‚Ä¶ https://t.co/hkJZP7StGZ",ChoptankHealth,"Denton, MD",2010-11-19 21:25:33
1354233282356011009,"PM Boris Johnson says he takes ‚Äúfull responsibility‚Äù as the UK‚Äôs COVID-19 death toll passes 100,000.

The governmen‚Ä¶ https://t.co/7AzwpmEPdp",AJEnglish,"Doha, Qatar",2007-04-17 08:23:08
1354233281194020865,(Op-Ed: COVID -- Why I Keep Trying) https://t.co/efUJuh233p https://t.co/a6uATcoRY2,Mazenz_Com,United States,2011-08-22 21:48:36
1354233274860769288,"New surgical caps are popping up in Sunnybrook‚Äôs #COVID19 units. Nurses, physicians and allied health professionals‚Ä¶ https://t.co/jpP0mbVY0n",Sunnybrook,"Toronto, Ontario, Canada",2009-01-24 20:54:23
1354233257311809543,Last week Canada‚Äôs vaccine plan ran headlong into a serious supply shortage. The Trudeau government is vowing to ke‚Ä¶ https://t.co/xfJjaJTs0T,Calgary_Life,"Calgary, Alberta, Canada",2008-10-20 12:28:04
1354233249497821185,Told her I had covid so I could cheat in peace for 14 days https://t.co/q9MEpvsrGC,Cholowood,üá©üá™,2016-05-30 02:01:34
1354233232431185920,"@EricTopol Also good health system!!
"" Israel is a great pilot country for the pharma companies‚Äîsmall and able to p‚Ä¶ https://t.co/XPEJmhg2Um",_dim_ma_,"Berlin, Germany",2011-11-04 22:55:08
1354233231659462659,"Hospital bed seller with COVID centre contract FINED $5,000 for opening ... https://t.co/bWMY2Dn6gB via @YouTube",DianeLeboeuf1,,2020-05-07 04:02:11
1354233228471787524,"Breathing is overrated, the earth is dying, Biden is totally competent, just waiting for my daily COVID suppository‚Ä¶ https://t.co/WYZsHmXUfz",derek_forness,,2020-05-24 23:42:18
1354233225875435521,@Nick_Pye Probably because people that read it were understandably concerned and the change is an attempt to mislea‚Ä¶ https://t.co/ZlcdRUMKKk,Dearieme2,üåç,2018-12-06 23:51:46
1354233225502199808,"US COVID Deaths: The states with the fastest week-on-week growth in daily fatalities are Hawaii (413%), Alaska (400‚Ä¶ https://t.co/NnulLQdkyp",ExanteData,"New York, NY",2016-10-11 20:40:14
1354233203427573763,"@RandPaul @LadyRedWave Thank You @RandPaul ‚úùÔ∏èüá∫üá∏‚ú°Ô∏è‚ô•Ô∏èüïäYou are an honorable man, and Senator to stand up for what is r‚Ä¶ https://t.co/ETo7jn39VA",MARGARETFlana18,"New York, USA",2016-08-01 07:12:22
1354233202215325698,Local excursion trips and family travels became popular with domestic tourists opting to stay where they are to spe‚Ä¶ https://t.co/vH6t9dHFTB,CenturyTribune,United States,2016-12-31 01:19:08
1354233200260866055,Ya girl just tested negative for covid https://t.co/wZVgdzje1V,MionneDestiny_,"Atlanta, GA",2016-01-14 18:01:50
1354233186532749317,i got my covid test results in and it just says gay? what does this mean?? https://t.co/qGlMzKtbqX,popsalts,,2020-12-06 09:51:48
1354233180887388162,"From @SueAnnLevy: COVID exacerbates toxic Opioid use, consultation hears 
#COVID19 #torpoli #COVID19Ontario‚Ä¶ https://t.co/OshkUtlWxF",TheTorontoSun,"365 Bloor St. E., Toronto, ON",2009-03-16 14:45:06
1354233180170018819,"COVID Is Creating a Deadly Mental Health Crisis in America https://t.co/E7u8SJiddc via @YouTube 

no shit",IsaacRafio,üáµüá≠,2015-09-05 07:15:52
1354233178240798720,@TaunRey @mak3333 @h1ghlife @Kiwicambo @princesseffel @nzherald @NewshubNZ @NZStuff @zorinaq So basically some tone‚Ä¶ https://t.co/dZ7wgCqrOJ,AtomsksSanakan,USA,2017-06-12 09:06:50
1354233168845549570,"Dalawang ulam, egg, chicharon bulaklak, rice, plus free pares soup üíØ Winner! I just wonder why it's called a COVID‚Ä¶ https://t.co/ClF69DwEgb",tarasasouth,,2016-07-25 13:22:44
1354233161484558336,White House chief of staff Ron Klain says ‚Äúout of 40 days‚Äù the Trump administration had ‚Äúone day with a million‚Äù Co‚Ä¶ https://t.co/x5TXdS4mRt,OutFrontCNN,"New York, NY ",2011-08-24 16:55:20
1354233159437537280,The current crisis reiterates the importance to revitalize the rule-based multilateral trading system - We must mak‚Ä¶ https://t.co/5BJJAKL3LA,ipsnews,Also @ipsnoticias,2008-11-26 14:46:55
1354233151816667138,"#RaiseIoTQuotient üóû
Tata Communications‚Äô IoT head explains how COVID is driving the next wave of‚Ä¶ https://t.co/Ej7PFuGB46",IoTforIndia,"Bangalore, India",2014-05-27 15:08:12
1354233139590279170,@LesleyMillercyp @SueSensus @nazirafzal @NHS Clear #Covid_19 was to be exploited to roll out these new  experimenta‚Ä¶ https://t.co/6H9eXsIyF4,speakeezie,uk,2011-02-25 16:37:32
1354233114994872321,"Share your experience with the covid vaccine, we want to generate more transparency about who may be at risk of get‚Ä¶ https://t.co/HGLflSNTkB",mycovidvaccine,World,2021-01-21 23:23:42
1354233112939683842,"Timcast IRL - China Escalates ANAL SWAB COVID Tests, Fauci Says DOUBLE M... https://t.co/2JADNDYkRu via @YouTube",fillagainb,"Lafayette, Louisiana",2009-05-08 14:04:14
1354233110544568326,Distant Caravans is open at The Forks Market and following all of the latest COVID-19 protocols.  We are available‚Ä¶ https://t.co/gRbjPv0PuQ,CaravansDistant,"The Forks Market, Winnipeg",2020-11-16 05:21:24
1354233109739401216,"1/26 
üèíü•Ö‚òòÔ∏è:

PREDS -1 -120

Hawks have no boqvist and no debrincat due to covid protocols. Gonna have to be the Pat‚Ä¶ https://t.co/pUFb20uxuO",Irish_Gambler1,,2019-11-06 21:58:31
1354233107554185217,covid sexy and got purple hair https://t.co/n1Kge2yWky,c2wrId,mew ‚ô•Ô∏é,2021-01-15 03:22:51
1354233090755981312,"I'm gonna get covid.... they are forcing me to go to school and if I get good grades I get to go back home HELP
HOW‚Ä¶ https://t.co/vyIdU24Qc3",GoodFuude,"Daggerfall, High Rock",2018-01-28 02:57:17
1354233087346008066,How Google Is Helping With COVID-19 Vaccinations (&amp; In Other Ways) https://t.co/jjOpfVKVrA https://t.co/3RjUIhSDLC,abcinematk,,2015-11-01 16:55:37
1354233086536388609,Mariposa County Public Health Reports Two New Positive COVID Cases for a Total of 357 Confirmed Cases: #Mariposa‚Ä¶ https://t.co/PznHC4P3jw,SIERRASUNTIMES,"Mariposa, California",2009-08-27 14:56:12
1354233076231016448,"Have you or your child had to celebrate a COVID birthday? 

What did you do to make it special? ‚ù§Ô∏è 

üì∏ Becca N. https://t.co/LtRB7uJxge",LilHelperTweets,North America,2010-09-24 00:24:11
1354233055095918593,Covid-19 outbreak confirmed at hospital in Co Kerry - The Irish Times: Lockdown compliance has led to ‚Äòfirst signs‚Ä¶ https://t.co/ZzQudangO4,Network_Easy,Global Worldwide,2012-04-07 04:19:25
1354233041254662147,Bangkok Post infographic: The latest relief package was approved by the cabinet yesterday to ease the plight of peo‚Ä¶ https://t.co/NnrRSqN7XD,thainewsreports,Thailand,2012-03-20 12:45:29
1354233030638972935,Join the incredible Byron Katie this Valentine's Day when she brings The Work to Flourish Ojai as we consider 'Love‚Ä¶ https://t.co/SIXStuLV9i,flourishojai,,2018-08-01 20:43:31
1354233027799482377,@kprather88 @WHO UK Govt using same playbook for public messaging. Advice to open windows given as a mere afterthou‚Ä¶ https://t.co/TNXtEZFH8r,JillMacmahon,,2019-08-24 21:21:49
1354233023282163712,"High-level enought antibodies against #COVID_19 @ARS_IDF with new #Moderna #Vaccin @24hPujadas
https://t.co/7252URoUBY",MirandoleMarket,,2014-03-06 10:17:28
1354233015665369092,It‚Äôs all cool soon as you get on campus but as soon you find out you can‚Äôt leave on the weekends cuz of covid...Sic‚Ä¶ https://t.co/ygM3RlUhgr,OfficialJeremyJ,United States,2017-02-03 23:00:51
1354232975030943744,"Biden Administration Says It Will Buy 200 Million More COVID-19 Shots - https://t.co/HzezDd5q5a
#worldwidetweets https://t.co/zn7qMuhlXa",WorldWideTweet3,,2020-01-09 17:36:40
1354232965115613187,Anyone else dreaming of hazy summers days and a more carefree future? üíö #covid #climatecrisis #hope https://t.co/DhqU7NAeSC,LusciousIsHere,"Neston, near Bath, England",2009-12-20 23:52:09
1354232945230237698,"? Check out our new Platform! ?

 Amazing GIVE TO HOSPITALS TO FIGHT COVID-19. SWAP OR RENT ITEMS WITH OTHERS TO RE‚Ä¶ https://t.co/5tBv9EkAiQ",equationsinc,"San Francisco, CA",2017-12-30 22:36:11
1354232937617657858,Your Divorce and Finances During the COVID-19 Pandemic https://t.co/fZWRsgSQyL https://t.co/OuQQcANpgA,szabosolicitors,"Sydney, NSW, Australia",2011-06-30 07:22:25
1354232936434782209,China reports 75 new COVID-19 cases https://t.co/wWuzuop0mn https://t.co/g4fS3mdNnJ,ChannelNewsAsia,Singapore,2009-05-07 09:14:43
1354232933335277570,Global tally of Covid-19 cases surpasses 100 million as new strains emerge https://t.co/Be8WD3gJug https://t.co/AWVYCw9rAf,France24_en,"Paris, France",2009-03-18 09:22:54
1354232932278235139,US 'actively looking' at mandating COVID-19 testing for domestic air travel https://t.co/scHbe69vut https://t.co/4czDWVUB21,ChannelNewsAsia,Singapore,2009-05-07 09:14:43
1354232929405128710,COVID forces Golden Knights coaches to quarantine; GM on bench vs. Blues https://t.co/zaRmGEWzhv https://t.co/JWnwKcBxKF,SportsRoadhouse,World Wide,2012-01-05 22:09:57
1354232928394481666,#TheHRDIRECTOR  |Are you looking for valuable insight on key topics as HR work through the challenges of covid-19?‚Ä¶ https://t.co/r6dgv9JbZl,theHRDIRECTOR,UK,2008-07-03 10:28:44
1354232923596021761,"2020 HOME PRICES UP 13 PERCENT ANNUALLY IN U.S.
https://t.co/WHsBwexzEW
@WPJWorldNews @AlmostHomeFL #SWFL‚Ä¶ https://t.co/dUReugwIKx",AlmostHomeFL,Southwest Florida,2009-05-29 13:31:54
1354232919192166404,"If you‚Äôre planning to fly into #Canada, you must show proof of a negative #COVID19 molecular test result (e.g. PCR‚Ä¶ https://t.co/35zMMg34iy",Transport_gc,Canada,2010-03-18 15:15:01
1354232917237534720,#MEDICINEHEALTH AstraZeneca Counters German Reports Its COVID-19 Vaccine is Only 8% Efficient for People Aged Over‚Ä¶ https://t.co/obnfEeEJ3m,ScienceTimesCom,,2014-06-20 19:46:06
1354232914507128834,"The COVID-19 pandemic will likely leave lasting adverse effects on the global economy, according to the latest‚Ä¶ https://t.co/wUPH5SofY1",WBG_Cities,"Washington, D.C. & Global",2010-09-13 06:52:20
1354232907846488067,Canadian COVID-19 vaccine begins human trials https://t.co/WwihK05KqE via @YouTube üôè,RavenwolfTammy,"Ontario, Canada",2012-02-15 23:59:07
1354232906676318213,"#FirstTeam, COVID-19 and flu are both contagious respiratory illnesses that can have similar symptoms, but they are‚Ä¶ https://t.co/ZmbpTcwgju",1stCavalryDiv,"Fort Hood, Texas",2009-04-03 14:22:21
1354232903153180674,"Working from bed works for many people staying home during the COVID-19 pandemic, including Above the Law founder D‚Ä¶ https://t.co/EVvS7Pzbgl",ABAJournal,Chicago,2008-04-05 20:58:48
1354232902863695873,"Join the 4-H STEM program with Rutgers medical scientists associated with public health, nursing and Covid-19 testi‚Ä¶ https://t.co/lO1FFA51OY",MorrisCountyNJ,Morris County NJ USA,2009-04-16 17:30:07
1354232901731233796,We are working with partners across the state to make COVID-19 testing available to anyone who needs it. We want te‚Ä¶ https://t.co/vxJNCxNgvL,mnhealth,"St. Paul, Minnesota",2009-03-18 20:41:10
1354232896530370560,Visit https://t.co/800Xfib5wX for a closer look at the #COVID19 data. #RivCoNOW #RUHealth https://t.co/sauyRLdXtm,RivCoDoc,"Riverside, CA",2015-01-06 18:25:16
1354232893061660673,"Ontario reports 1,740 new #COVID19 cases, including 11 in greater Kawarthas region. Active regional cases fall to 1‚Ä¶ https://t.co/KYwpEzPe4u",kawarthaNOW,Peterborough and the Kawarthas,2009-07-21 13:39:26
1354232879757320192,Join @CityofLosAltos and Dr. Yu for the latest news on COVID-19. January 27; 7:30pm. Visit https://t.co/wsARKjJLOj‚Ä¶ https://t.co/ywf4IkaUVU,AltosFire,El Monte Fire Station ,2019-10-29 03:54:24
1354232874615111683,Gonna lose this parlay because Texas announced 2 of their starters got COVID FIVE minutes after I placed the bet https://t.co/voOwa7cCX4,Lamxnte,Northwest Georgia,2012-07-20 02:29:09
1354232868923469831,"""Boris Johnson says the government ‚Äòdid everything it could to minimise suffering and minimise loss of life‚Äô as the‚Ä¶ https://t.co/ai1khvszXx",KLizard60,Scotland,2011-12-04 02:06:20
1354232866742427649,"See CEP‚Äôs vaccine resource for the PrTCT conversation guide, patient FAQ, and up-to-date information for you and yo‚Ä¶ https://t.co/v7xu0ou7I0",RPh_Nicole,"London, Ontario",2020-03-16 11:35:31
1354232856122298369,@MK80627557 @NineCato @Maples46014332 @AnaPlasencia15 @NalaWasHere @bodyblock @nypost ‚ÄúWith Covid‚Äù =/= ‚ÄúFrom Covid.‚Ä¶ https://t.co/bJtL1AJFeV,omgdalton,Northern California,2008-09-18 20:36:41
1354232844864860160,Have you signed up for the #HLP #CYP #MH Shared Learning Event: Providing key updates and sharing positive practice‚Ä¶ https://t.co/408pWBsMPT,HealthyLDN,"London, England",2013-12-03 10:57:12
1354232841320751104,"Top five B2B digital marketing tips during COVID-19 pandemic.
https://t.co/zcMpznmrLK https://t.co/POsXHdFlpN",CreativesNv,Philippines,2021-01-06 18:03:06
1354232839936634882,"When President Joe Biden assumed office on Wednesday, he inherited a nation with 2.7 million homeowners in mortgage‚Ä¶ https://t.co/Amf5UgkAHC",LatitudeGuides,"Denver, Colorado",2009-06-17 03:46:38
1354232839601008640,"""Johnson says the government ‚Äòdid everything it could to minimise suffering and minimise loss of life‚Äô as the UK su‚Ä¶ https://t.co/PXZwhR4nQf",demindblower,DIS-UNITED  KING-DUMB üá¨üáß,2010-09-12 00:21:40
1354232819225137155,"Is it February 16th yet? I can‚Äôt wait!! Our cousins return to @OWNTV Aunt Vi&amp;Hollywood doing good,Ralph Angel&amp;Darla‚Ä¶ https://t.co/tvp8iBpD5M",jdonteprayer,Charlotte NC,2009-03-18 16:24:51
1354232818948141063,@Blitz0921 @ZazaChilvers @EricTrump Did the Republicans agree to pass the Covid Relief Bill Darling? https://t.co/Te8qnWkCkR,ShirleysPride,,2020-10-02 19:58:07
1354232817006219268,@TheBrexiteer1 @CNN so OK for the current ministration to send all kinds of relief packages to other countries now.‚Ä¶ https://t.co/UHkZLYT9gr,alextibbs5,,2021-01-20 17:28:28
1354232816989573126,"NBA Analyst Sekou Smith Dies Of COVID-19 Complications, Twitter Mourns A Legend https://t.co/jMTBDjBjgC https://t.co/td3xqKQVb9",HipHopWired,,2009-05-15 21:42:28
1354232814523330560,"City of Highland Park eNews: COVID-19 Vaccination FAQ, Message from the Mayor, Tier 1 Mitigations and more. Not a s‚Ä¶ https://t.co/Uralriqyn0",CityHPIL,"Highland Park, IL",2011-10-27 20:45:15
1354232811289538562,Eleven of us gather to remember pioneering dancer/choreographer Louis Johnson a few weeks after his death.  We shar‚Ä¶ https://t.co/r8KRzN7ps7,JoAnnemostlyda1,"Atenas, Costa Rica",2018-06-01 22:50:54
1354232810735874051,People were asked how 7 risks would affect them ‚Äì this is what they said @Ipsos https://t.co/uSmZmPmQBC #DavosAgenda https://t.co/ZnpxBR96gd,wef,"Geneva, Switzerland",2007-04-18 14:00:19
1354232799390097410,@s_h_uuko I miss og covid https://t.co/2p2W23ia9R,D4n0w4r,WA,2014-06-23 16:56:49
1354232798299742209,"IC chairman Dr. Rod Pearce AM, sits down with Byron Cooke and answers some questions about the COVID-19 vaccine.  Y‚Ä¶ https://t.co/VDK84JurSh",immunisationgap,"Melbourne, Australia",2013-01-30 01:03:17
1354232797679013896,What does returning to #work look like post-CoVid? Check out the NEW #mycrazyoffice #podcast for #advice here:‚Ä¶ https://t.co/MOV4yNy4De,askk2,"New York, NY",2010-12-10 15:02:55
1354232796882083841,"Around the corner from my house, Queena and D‚ÄôAsia visit their Nana through the window of her care home. Photo take‚Ä¶ https://t.co/tX5Ze8lXq3",Jennifer__Brett,Atlanta,2008-10-23 13:23:00
1354232791404318728,Fucking COVID. https://t.co/5Nr3AFhPnR,sound_hologram,SPECTRE Island,2020-09-23 14:06:14
1354232789135200260,We appreciate the frontline workers all around the world that are working around the clock. COVID-19 reminds us eve‚Ä¶ https://t.co/m9ppPM3yTS,AevolveToken,,2018-11-01 08:01:24
1354232786450669568,"Church Shut Downs &amp; Caring for People in COVID-19 with Leon Fontaine https://t.co/ygHN7qjhPu via @YouTube 
Stop the‚Ä¶ https://t.co/mNwlV8flIH",sharonpasula,,2013-05-17 02:37:03
1354232785289031683,A Look At How McCormick Place Is Undertaking COVID-19 Precautions To Draw Crowds Back https://t.co/M1zbP0UeVv https://t.co/8Ggf5zsPMw,cbschicago,Chicago,2008-06-06 21:49:51
1354232781002444802,Experiencing COVID-19 symptoms ‚Äì even mild ones? Get assessed using the BC COVID-19 self-assessment tool:‚Ä¶ https://t.co/GPmlXpQgcv,CityofSurrey,"Surrey, BC",2010-09-27 16:20:13
1354232774081785856,Making dry ice #COVID #coldchain #dryice #CO2 https://t.co/3o1okq18Iy,DRYICEATL,Atlanta Georgia,2011-03-05 22:15:33
1354232760890753024,"BBC NEWS (UK): "" Covid crisis: 'I've been excluded from any help'. Millions of people have been shut out of governm‚Ä¶ https://t.co/TmtVvOvOuG",MrDJones,REPLY using RETWEET button,2011-04-28 03:19:08
1354232745745113094,American Airlines Introduces Health Passport to Provide Quick Negative Covid Test Results https://t.co/3XVjIURoQU‚Ä¶ https://t.co/RhPfcKLido,skygoflycom,"Phoenix, AZ",2015-12-10 17:40:49
1354232743400525827,"It's still possible to have a healthy pregnancy during the coronavirus pandemic, but it might be better to wait. CO‚Ä¶ https://t.co/9X8Vj6tFGJ",MyNews13,"Orlando, FL",2008-11-13 14:08:30
1354232742624583683,"COVID-19 Testing Available in Lynwood

Every Thursday until February 25
8am-2pm
Lynwood City Hall

!MUST HAVE AN AP‚Ä¶ https://t.co/JrcGNudgFv",MyLynwoodca,"Lynwood, CA",2011-09-12 18:17:12
1354232741928316931,"One of the all-time greats ‚Äì the first archbishop of his native Houston, USCCB Prez from 1998-2001 ‚Äì 6 months after‚Ä¶ https://t.co/qJ9gVX4PG2",roccopalmo,"Philadelphia, PA",2010-08-01 06:20:54
1354232734940540928,New COVID-19 Data at 2021-01-26 08:00:00 pm EST #Coronavirus #COVID19 #COVID_19 https://t.co/LXJyLzCIAf,CovidData2,,2020-04-05 14:41:28
1354232730297503745,"COVID-19 has permanently altered the workplace, in some ways for the better.

Read; https://t.co/7CGfDvqtrW!‚Ä¶ https://t.co/VAGu7Wo40C",FacilityBot,Singapore,2020-04-24 02:25:40
1354232727856435203,An elderly gorilla is recovering from a severe covid-19 condition after being treated with state-of-the-art synthet‚Ä¶ https://t.co/7kBcXtMCuZ,IzzSoMedia,Trinidad & Tobago,2019-07-10 16:47:37
1354232726992412676,"TU has changed the method of COVID-19 testing on campus, read here to get the most recent updates and how you can s‚Ä¶ https://t.co/hMbQRDIegh",TUCollegian,"Tulsa, OK",2009-03-11 00:24:00
1354232713046323200,@JonAguiar @RampCapitalLLC Already know. Covid paid bigly. https://t.co/v9FX2yHx2F,Jimothy25780304,Deep OTM,2020-09-01 03:34:04
1354232712421400576,"354 articles generated by @NarrativaAI ü§ñ in the last hour (in 24h):
‚öΩ F. Previews: 2 (86)
üéæ Tennis: 9 (282)
üí∞ Finan‚Ä¶ https://t.co/isUPKQhdfM",Nrt_status_bot,,2019-04-13 19:50:04
1354232711922282505,"It's still possible to have a healthy pregnancy during the coronavirus pandemic, but it might be better to wait. CO‚Ä¶ https://t.co/qJW9ObQslY",BN9,Tampa Bay area,2008-11-11 12:03:53
1354232710018031623,"As vaccines are rolled out, drugmakers continue to develop more COVID-19 vaccines and therapeutics.

Johnson &amp; John‚Ä¶ https://t.co/QQUwuGFsBC",CBSEveningNews,üì∫ 6:30pm ET,2009-05-27 20:08:03
1354232708403253248,R&amp;B artist Trey Songz was arrested at a Chiefs game after a police scuffle over his alleged violation of COVID rule‚Ä¶ https://t.co/b8YbfwwqpW,abc7newsbayarea,San Francisco Bay Area,2009-01-14 20:20:22
1354232707878957056,"VP Kamala Harris received her second dose of the Moderna Vaccine today. A big step toward a healthier, happier futu‚Ä¶ https://t.co/Pf1IMyw7tE",benji_run,,2020-05-26 19:30:59
1354232707300126721,I drove two hours today to get a Covid vaccine and for what? Sarah Paulson is gonna be the cause of my death tonigh‚Ä¶ https://t.co/3TojyKNxW9,tcsced,,2009-03-10 20:05:46
1354232706964590596,"Timcast IRL - China Escalates ANAL SWAB COVID Tests, Fauci Says DOUBLE M... https://t.co/ZfhlWjo1Rs via @YouTube",shum69,"Altmar, New York",2009-02-22 13:34:19
1354232699175784450,What does it take to convince people to get vaccinated? https://t.co/IDhZylBzpd https://t.co/G4cmmQVVlG,PopSci,New York,2009-01-29 17:46:28
1354232695249899523,"If you recently visited one of our PODs for your first COVID vaccine shot, and you did not make a second vaccinatio‚Ä¶ https://t.co/F2xDoHB7l9",SBCPublicHealth,"Santa Barbara, CA",2009-09-26 14:33:15
1354232695220547587,"Zumba, a dance-fitness class that incorporates Latin/international music and dance movements, creating a dynamic, e‚Ä¶ https://t.co/hog0AxCsUM",lprdks,Lawrence KS,2015-07-01 21:36:30
1354232690506149893,Our lobby is closed for in-person appointments until March 1 due to the COVID-19 pandemic.  #PWD Staff is available‚Ä¶ https://t.co/tzT6ZtgGKF,PalmdaleH2O,"Palmdale, California",2014-08-12 15:50:23
1354232689897963520,FIRST VIEW: Will symptomatic drug treatment of COVID-19 in pregnant women have a lifelong impact on their babies?‚Ä¶ https://t.co/1I0YzbRi5U,jdohad1,Retweets not endorsements,2020-08-25 10:40:32
1354232688144744448,"Whilst many aspects of the year ahead remain unpredictable, we take a look at the most likely workplace design tren‚Ä¶ https://t.co/gZj2BH6R6l",EvokeProjects,NSW,2014-04-03 00:58:15
1354232677646422018,WORLD Hong Kong‚Äôs First Covid-19 Lockdown Exposes Deep-Rooted Inequality. The city‚Äôs notorious tenement apartments‚Ä¶ https://t.co/kJAGFINtAe,theinfomakercom,,2020-05-10 16:19:22
1354232673041068032,#Vt @GovPhilScott¬†says COVID funding a rare opportunity to make lasting change- @WCAX_Cutler¬†reports‚Ä¶ https://t.co/YfWPotm0qu,wcax,"Burlington,VT",2007-10-23 15:37:33
1354232668787937288,Biden promised 150 million Covid vaccinations in 100 days. This is what the numbers state. https://t.co/WmLRDyX1a3 https://t.co/H6QpgeitP5,RVoszPhlebotomy,,2020-10-03 11:19:10
1354232665671688195,Now for the opinions and projections of a molecular chemist looking at the Covid data.   https://t.co/KWZbljW9Yf  -‚Ä¶ https://t.co/zfYibTfVHI,memofwd,,2010-12-10 08:41:44
1354232661406081025,"The NFL found that people can transmit the coronavirus in fewer than 15 minutes of interaction with others, accordi‚Ä¶ https://t.co/6QOJ7jZM8M",WebMD,USA,2009-03-23 01:43:59
1354232660504289288,"Haysville Public Schools will now offer COVID-19 testing beginning Wednesday, January 27th. The test will be free t‚Ä¶ https://t.co/vH0wEqun7e",USD261,"Haysville, Kansas",2009-03-15 03:19:51
1354232660483321861,"Excitement is brewing at Interchange HQ as we slowly return to the office.  We've got our COVID safe plan, physical‚Ä¶ https://t.co/ZMPAEswtJE",interchange_co,"Melbourne, Victoria",2015-08-13 06:06:25
1354232660030197760,"#COVID19 UPDATE: We are reporting 1 death, 16 new cases, and 133 additional recoveries in the Quad-County Region. T‚Ä¶ https://t.co/MgPwjvmB9F",CCHealthEd,"Carson City, NV",2009-03-02 19:12:21
1354232659740921856,"COVID FASHION 
I know it's a thing now, we look for masks that match our outfits, it's like new accessories. Tag us‚Ä¶ https://t.co/KhkIFPpCHt",bigskycall,"Calgary, Alberta Canada",2015-03-24 21:18:03
1354232659673804800,"With the massive adoption of #telemedicine to mitigate infection, a new paradigm of healthcare in which #robots and‚Ä¶ https://t.co/qLyxAgQyro",SOLIDWORKS,"Waltham, MA",2008-06-18 22:57:32
1354232659635965954,Any COVID-19 relief package that doesn‚Äôt increase funding for Medicaid &amp; further extend increased monthly SNAP bene‚Ä¶ https://t.co/3BXeb2Obz9,UWMOC,"Wall Township, NJ",2009-05-20 16:16:49
1354232659623469059,"When photographer @jamesoatway asked these Gauteng #healthworkers how the #secondwave is going, this is what they s‚Ä¶ https://t.co/sywJPA92tg",Bhekisisa_MG,Johannesburg,2013-03-22 08:53:20
1354232659585748992,"A true feat and testament to modern science, the #COVID19 vaccine was developed at record speed. 

In this episode‚Ä¶ https://t.co/SqtCEhNjK2",UCLAHealth,"Los Angeles, CA",2009-03-27 10:39:19
1354232659346677762,"Guides in #Hazaragi and #Pashto explain how @NSWHealth use contact tracing to slow the spread of #COVID19.

Free‚Ä¶ https://t.co/hPbGCnSqPk",mhcsnsw,,2018-08-20 02:00:05
1354232658335817731,World's 10 richest individuals could pay for worldwide Covid-19 vaccinations off just their 2020 profits alone. Dr.‚Ä¶ https://t.co/77pMvbkUFS,PortableTVApp,,2020-02-06 15:45:30
1354232658017071105,Important COVID-19 vaccine information for our student members and clients can be found here https://t.co/lU2QH0cslG https://t.co/YAsgr5lv8L,Wellfleetins,"Springfield, MA",2019-01-04 16:40:38
1354232657169801220,"The Philippines confirms its local transmission of the new British Covid-19 virus variant.

This prompted the Presi‚Ä¶ https://t.co/tMdnSl5Tic",NewsBFM,Kuala Lumpur,2011-05-11 07:33:28
1354232657165611010,Due to Covid-19 this year's TechFest held at Sinclair Community College will now be virtual. We produced a video on‚Ä¶ https://t.co/Fu07fcnV7d,minsterstem,"Minster, OH",2019-03-25 19:27:44
1354232656918142976,Simcoe Muskoka health officials say they now believe 99 people who have COVID-19 there have a variant of the B117 v‚Ä¶ https://t.co/2lXkNWByVg,CBCToronto,Toronto,2009-01-14 22:47:52
1354232656855228422,So I enrolled in the Novavax COVID-19 vaccine trial and received my first injection Jan. 23. https://t.co/xVIsgdJfBN,dljames0001,KMLC,2011-04-18 03:45:01
1354232655953485829,"Since the global outbreak of Covid-19, the U.S. and Chinese governments have accused each other of using the pandem‚Ä¶ https://t.co/KM5KYXNtuI",SoutheastAsiaDC,"Washington, DC",2009-11-16 14:51:00
1354232655890567169,"A 24/7 COVID-19 Student Hotline is now operational. If you have questions about COVID-19 reporting, quarantine or i‚Ä¶ https://t.co/NpN5E1k9FP",MSUTexas,"Wichita Falls, TX",2012-04-03 18:11:49
1354232655865241604,"Alireza Zali, The director of the Coronavirus Taskforce for Greater Tehran has said while noting that Covid transmi‚Ä¶ https://t.co/eWKolJNBSF",IranIntl_En,"London, UK",2018-08-12 22:29:41
1354232638035406848,Your Immunity Project is an initiative is to galvanize community unity to conduct the efficient use of proven metho‚Ä¶ https://t.co/ikpXEI1v7u,TheHighRoad,Maryland,2008-11-08 03:40:38
1354232630930104324,"Boris Johnson 'deeply sorry' as U.K. Covid toll passes 100,000 https://t.co/XM9OhIa9Ym https://t.co/pickQpI7nK",RVoszPhlebotomy,,2020-10-03 11:19:10
1354232611128840199,Ice To Shorts Winter Sports: Sacking COVID! We haven't been both together for a show for weeks! We'll hit on the‚Ä¶ https://t.co/frn8UAyCQd,greenlegion,"Philadelphia, PA",2009-03-26 00:16:19
1354232604720066561,"As of last Sunday, I am officially a curler competing in a COVID safe curling league.... at a brewery üòÇ

Doing new‚Ä¶ https://t.co/SHwmvx6cJl",sadally23,"Minneapolis, MN",2009-10-19 23:04:10
1354232595630989312,"While out of one side of their mouth NBC was decrying states for reopening, they were using the other side to gawk‚Ä¶ https://t.co/VoiZCoWvrw",NickFondacaro,"Alexandria, VA",2011-07-06 15:07:35
1354232582196617217,"#Lebanon is clamping down on #COVID-19 curfew cheats who lie to receive transport permits, allowing them to travel‚Ä¶ https://t.co/CJ3rNerRdv",AlArabiya_Eng,Dubai,2009-02-28 08:31:32
1354232581043191808,God knows I'm not exaggerating. Told Long-Island I'm sad &amp; learning to be more vulnerable ... With covid and isolat‚Ä¶ https://t.co/Z1DYFmmxcF,iamjhengen,"New York, NY",2020-01-26 04:02:53
1354232574500081665,WERE LITERALLY IN A FUCKING PANDEMIC. I WAS FORCED TO LEAVE AFRICA ON MY HONEYMOON FOR COVID AND NOW AT THE HEIGHT‚Ä¶ https://t.co/o37JCqGECP,Hannahheroine12,The trash,2009-05-07 00:12:24
1354232570154786820,"@ClarkeMicah @spectator At least in the US you see the deaths inflation.
If you didn't have pneumonia, no way Covid‚Ä¶ https://t.co/IlYPhvSVkf",mark60797576,,2018-05-01 22:46:50
1354232563016077313,Last Saturday was jam packed with Burns Night fun! I went from Kilchoman zoom in the afternoon to Jim and Susie Mal‚Ä¶ https://t.co/ibVPBJxbeL,AustinTXScotch,Austin Texas,2014-10-30 02:18:47
1354232550114222081,Covid 19 fraud exposed in NY Hospital https://t.co/C6madFmXM3 via @YouTube,Shellygmoney,,2020-03-25 19:22:58
1354232549984198659,"üêâ

I was meant to come back today, but I'm just really fuckin' sick right now, all thanks to my dad. Don't worry, i‚Ä¶ https://t.co/LO0lTBtjgg",DragonWarrior_4,"Queensland, Australia",2019-07-30 04:33:52
1354232545668435971,"Pleased the @anvilmedia on-site #offsite worked out, considering the COVID safety measures. Productive, insightful‚Ä¶ https://t.co/I0DhLT3QnJ",kentjlewis,"Portland, Oregon",2007-07-27 16:41:21
1354232544695214081,Nigeria Records 15 More COVID-19 Deaths https://t.co/H0RxSQn0c5 https://t.co/Hih6fevc5m,Naijawhatsup,Nigeria,2014-12-24 13:22:56
1354232540282773508,@BraceroPhillip @whatsupnorman @JHZax @WhitlockJason Um he enacted a plan for covid and actually hired scientists t‚Ä¶ https://t.co/XrAetBsOVt,whsanchez111,"Playa del Rey, CA",2009-01-16 07:30:31
1354232536709226497,"US Pharmacist Admits Destroying Hundreds of COVID-19 Vaccine Doses - Justice Dept - 
""While working as a hospital p‚Ä¶ https://t.co/Fd2iqZJhgQ",iWeller_health,,2012-07-31 17:55:29
1354232508171300870,"And...the final hoops are hooped. COME SEE MY SOLO SHOW #Austin

Opens Friday night at #SomethingCoolStudios 

Up f‚Ä¶ https://t.co/NVGB12ut5j",ShannonDowney,On The Run,2009-03-10 20:09:05
1354232493784883203,Tlingit &amp; Haida is committed to sharing current information on the COVID-19 pandemic to ensure all tribal citizens‚Ä¶ https://t.co/Yez0y0YXZD,tlingithaida,"Juneau, AK",2014-08-12 19:46:06
1354232473639596036,"As the new variant of Covid makes an appearance in Barbados, the citizens are hoping that flights will also ""pause""‚Ä¶ https://t.co/Z8tdSUDuxg",satiredays,13¬∞ 10' N  59¬∞ 32' W,2012-10-14 00:48:44
1354232460985434117,"#NovaScotia seems to give a damn enough to try something new, and let non medical staff test. Guess the average per‚Ä¶ https://t.co/i4RAqR283F",AureliaCotta,"Toronto, Ontario",2009-01-16 04:43:56
1354232454245187586,"Update on new COVID-19 cases, Ontario 1,740, York Region 134, Georgina 6 .  We have 43 active cases with 6 hospital‚Ä¶ https://t.co/3AWuQbQKoL",Margaret_Quirk,"Sutton, Ontario",2014-06-04 10:11:12
1354232442345947137,"Why did this family friend come over and ONE, ask me for a mask, and TWO, say halfway through discussion they got C‚Ä¶ https://t.co/gL2Hx30Xrw",nerfsuperseoker,,2016-04-13 00:06:39
1354232434552938501,"After the city cut ties with ‚ÄúPhilly Fighting COVID‚Äù over data and privacy concerns, many are worried about what ca‚Ä¶ https://t.co/W1jhXKPOYJ",NBCPhiladelphia,"Philadelphia, PA",2008-08-06 21:44:44
1354232433978257413,When the girls and I are sad because covid is keeping us apart https://t.co/mGIIl4NlPp,hotty_mcscotty,EL PUTO COLEGIO ,2013-11-16 18:49:17
1354232424377544705,@cBm__7 Once Covid is over Ichigo gonna get the world tree magic treatment https://t.co/1jmbCJGcWy,DefinitelyLyGhT,Deutschland,2017-11-23 14:39:15
1354232420896174080,"Scientists: We have the vaccine. 

Covid: I don‚Äôt think so ‚ÄúMutation Time‚Äù https://t.co/F15pr9bLes",TheTallJamaican,Earth ,2019-11-15 06:07:33
1354232415829467140,Nadal calls for 'wider perspective' from players in quarantine https://t.co/zFdtyX8ln2 https://t.co/d6W51OF87M,MelinaS49507908,Buenos Aires,2018-11-30 13:17:15
1354232415514894336,"100 million¬†cases worldwide, as US seeks to reset its COVID-19¬†fight https://t.co/tnEUIzpwQw https://t.co/wuIcZyKjMP",ZyiteGadgets,http://www.zyite.com/,2013-07-15 21:45:17
1354232413816283139,NEWS: CARTA is partnering with @scdhec to provide free #COVID19 testing sites at Mary Street in Charleston and the‚Ä¶ https://t.co/5zEWB2q0RT,RideCARTA,"Charleston, SC",2009-06-19 15:43:28
1354232406123958275,"This past week and a half I have been on COVID leave due to exposure with my 3 year old. 

I wouldn't wish this upo‚Ä¶ https://t.co/qBmGbO7Nf4",mrsmcgurn,"Suffolk, VA",2016-06-30 12:21:36
1354232405217914885,@NYGovCuomo Here's to you and your incompetent governance for sending covid patients to nursing homes giving over 6‚Ä¶ https://t.co/4aOwNpdKan,hankgolfer, Living in high tax state CT,2010-05-30 11:46:20
1354232404169420801,"Anybody else feel like when talking about years B.C. (before COVID)- 2017, 2018- it weirdly feels like a LONGER tim‚Ä¶ https://t.co/LMduiRMNGs",xtrabiggg,Detroit Resurgit Cinerbus,2009-07-13 07:10:53
1354232401543757825,"MJ 1999. Been covid ready! 
üêê https://t.co/TuFdEjrrTL",L_patt96,,2011-03-27 20:44:42
1354232383810236416,DEVELOPING: 33 newly confirmed COVID cases in PA and surrounding cities. See KFDM Facebook https://t.co/ShsKbXgYC8,kfdmnews,"Beaumont, Texas",2009-02-09 17:40:37
1354232366550503424,"The United States aims to acquire an additional 200 million doses of COVID-19 vaccines, President Joe Biden said on‚Ä¶ https://t.co/SL4hn66Uxe",ThaiPBSWorld,"Bangkok,Thailand",2013-07-09 08:03:06
1354232363434221569,@rzkyndprdn Calling the covid to come https://t.co/ojDet9JqEW,BlueskyBlue26,Labuan Bajo,2018-11-17 14:32:32
1354232353154080776,"@JamieKay22 (2/2)

The solution is worse than the initial problem. More people will die from lockdown related thing‚Ä¶ https://t.co/DzvUHygFGG",PB1872,London,2012-01-16 10:04:18
1354232345574825988,"A song called Grenade by @BrunoMars 

Of only we could throw grenades at politicians who still thinking how 2 rob‚Ä¶ https://t.co/X0KeAVilSH",jezlai,United Kingdom ,2009-06-17 00:13:46
1354232316667817990,Family mourns 19-year-old Ontario teen who died of COVID-19 https://t.co/Ru6aZ1syct https://t.co/Rawz6QekkJ,CBCToronto,Toronto,2009-01-14 22:47:52
1354232310191837185,"@DrNuala @ICGPnews Twaddle.  

18,459 fewer COVID-19 tests were done in the second week of 2021 than in the first w‚Ä¶ https://t.co/A5lPW63Zyv",patrick_tweets,,2009-06-18 13:36:59
1354232300658171906,‚ÄúCommon sense says that we should prioritize the most vulnerable among us and those who keep our healthcare system‚Ä¶ https://t.co/M0UJQYBLbn,baileyaallen,CA & Boston,2015-05-06 04:08:24
1354232298015760385,"@Lee1981phillips @piersmorgan No Lee, 100,000 have died because of Covid 

https://t.co/okiQoyhKyx https://t.co/PgLT5PZhAW",Saffiya_Khan1,,2017-01-30 18:48:51
1354232296841342980,I think we can all agree that the sports blogger-turned covid data analyst hired by @RonDeSantisFL is totally objec‚Ä¶ https://t.co/9qlHzEjJn1,BrunaLab,Hecho en Cd. Ju√°rez / El Chuco,2009-01-29 16:04:42
1354232295755026432,@doctor_oxford Belgium and Slovenia seem to have more Covid deaths per million population than we do (‚Ä¶ https://t.co/LvRWeXncWm,ZokaShaun,House Arrest,2019-04-03 07:27:57
1354232273357434880,"My amazing friend @monroethelizard sent me this beautiful homemade gift for my last birthday ‚ù§Ô∏è

Due COVID and the‚Ä¶ https://t.co/I9SDjC5bYi",TheGraker,"Buenos Aires, Argentina",2018-04-27 19:37:52
1354232261697282052,"@lizbonnin Liz, late in the day, UK hospitals are trialing Covid-destroyer nasal sprays as PPE. Nitric Oxide, Chlor‚Ä¶ https://t.co/d5MtD6gSAE",LottoSyndcate,United Kingdom/U.S.A.,2015-02-24 18:43:49
1354232257922347011,Behind the Scenes- Verge Aero Drone Light Show during Covid-19 https://t.co/B0sOyDmPS5 via @YouTube,EricMonetteIMDB,,2017-01-14 23:13:30
1354232256819208194,"An Ontario-centric article, but applicable across Canada. The author of this article argues that health equity depe‚Ä¶ https://t.co/te1SEk8kyu",SookePocketNews,"Sooke, BC Canada",2009-02-26 21:24:23
1354232256252977155,Amazon Worker Poushawn Brown Dies After Working in COVID Testing Without... https://t.co/W63ldJjR4g via @YouTube,inspiteoffires,,2015-12-15 19:48:15
1354232254353055747,@Elizbethperkins My deepest condolences. üôè I lost my son in October.  Although it wasn't due to the popular pandemi‚Ä¶ https://t.co/6haUUB21yX,lordjupiter,"Minnesota, USA",2009-12-20 00:13:44
1354232249525227520,yesÔºåI know where the covid-19 came from. https://t.co/NRP2P5TdbM,King53509710,,2020-04-30 05:31:41
1354232226859331587,"Woman charged with killing, dismembering roommate, claiming shed left amid #COVID-19 fears https://t.co/a5415AKKuo https://t.co/pa90LbAjHf",jenkers_en,San Francisco,2015-03-19 12:47:40
1354232221247315968,@Xerox posts $US2 billion revenue hit from Covid-19. US print giant's 2020 revenue of $US7bn was down 22.5% from 20‚Ä¶ https://t.co/jRNtqfuKeJ,SDO2,Australia,2010-05-05 10:03:49
1354232219808583683,"Dialogue re strict implementation of municipal ordinances and preventive measures against CoVid 19. 
#TeamPNP‚Ä¶ https://t.co/6gNYv3jvnp",PNPAbraTineg3,"Tineg, Abra CAR",2020-07-08 10:11:28
1354232178494877700,"Boris Johnson Takes ""Full Responsibility"" As UK Deaths Cross 1-Lakh Mark https://t.co/6ocwNmByUw https://t.co/yximxCFeQV",KulkarniBhavika,"Haiderabad (Hasanganj), India",2017-07-06 07:51:30
1354232178356457476,"Great workshop earlier today with our staff providing information for our clients about vaccines, COVID-19 testing‚Ä¶ https://t.co/2GLMbhi2m0",TNOtoronto,"Toronto, Ontario, Canada",2011-09-12 20:08:38
1354232167270760451,"#COVID19 vaccination will help save lives, stabilize health systems &amp; drive economic recovery, but COVID-appropriat‚Ä¶ https://t.co/DssKm7blNz",PandavRajesh,Nepal,2013-04-27 21:27:31
1354232165798715396,Not Lovin' It: McDonald‚Äôs across the country were hit by COVID-19 outbreaks as hundreds of complaints alleged safet‚Ä¶ https://t.co/dWDVnY9uAF,writerbarton,,2009-01-08 22:23:44
1354232151030587400,Amazon Worker Poushawn Brown Dies After Working in COVID Testing Without... https://t.co/4jpGm4JIPi via @YouTube,TheWiseDerp,,2009-03-15 18:22:18
1354232150594375684,.@Gothamist: State Prison Inmate‚Äôs Diary Details The Ordeal Of Battling COVID-19 Behind Bars https://t.co/YCf90k3kVf https://t.co/UmUHrJwBRu,LegalAidNYC,New York City,2012-09-04 18:02:57
1354232115223789571,"@AltSelenite @Zigmanfreud Masks don't work because everywhere, no matter how lax or stringent mask rules are, covid‚Ä¶ https://t.co/wRRpuoO9hk",froggy_terries,,2020-01-03 15:14:42
1354232108617707522,Messages from the Covid Communications Unit. https://t.co/FFcZjUjDww,CeeCeeLiv,Barbados,2010-04-17 14:49:17
1354232099738271748,"Are u sure if u stay home u cannot get the covid 19. 
Who is the real lucifer.
Go and fuck with diamond sucker.‚Ä¶ https://t.co/swXe3xsGmz",SamuelHan93,Myanmar,2018-05-04 08:33:47
1354232097536405511,"26/01/21  Covid-19:  The Great Reset

https://t.co/jnwQu7kr5k https://t.co/7mlniLUSzX",Mario___Ramirez,Monitoreo Oc√©ano-Atm√≥sfera,2014-03-15 21:26:33
1354232091899285505,@LillyTellez @V_TrujilloM üëá https://t.co/qJaacQgLWB COVID: Hungary fast-tracks Russian vaccine with EU approval in‚Ä¶ https://t.co/sTPHJdUsT1,HHChemEng,M√©xico ,2012-12-19 01:08:33
1354232081002467330,@girl_agronomist @amy_japp @DynamicAgLLC @GldnHarvest #Covid acceptable https://t.co/NEgKpqqcyn,CBowlingAg,"Ohio, USA",2017-07-01 12:42:07
1354232064170545155,"#PNAThreadNews @pnagovph 

Indonesia's Covid-19 cases pass 1-M mark amid vaccination drive

¬†January 26, 2021, 9:01‚Ä¶ https://t.co/tXCuBbIMEy",marredroyalty,Mindanao Philippines,2018-06-25 15:24:16
1354232057019293698,@army_bc The Covid hates the dancing... https://t.co/9Wa3GPgKto,clhscoach,"Stevens County, Wa",2013-10-30 02:37:05
1354232051583627265,"my grandma (which I live next-door to) is now scheduled to get her first covid shot tomorrow

I can actually do thi‚Ä¶ https://t.co/2Y3jaKpwuB",wordsmith2299,"Austin, TX",2014-03-12 19:33:40
1354232040347082752,real casino's closed for covid time to go to the internet casino boys https://t.co/de7hf4y53f,lgbtqfc,Washington DC,2008-12-25 09:23:05
1354232037926871041,January 26 COVID-19 Test Results and Vaccinations; January Now Deadliest Month https://t.co/Lcn5mGNf7J https://t.co/mlapWzTVA7,RealMacroEcon,,2011-11-04 23:49:22
1354232020235415552,"No Lee, 100,000 have died because of Covid https://t.co/996QuGOcLT https://t.co/KV6wM1zp60",Saffiya_Khan1,,2017-01-30 18:48:51
1354232004049575936,"This is supposedly the list provided by ‚Å¶@MsppOfficiel‚Å© to airlines operating in #Haiti. However, I see a stark dif‚Ä¶ https://t.co/btT4NYNK7g",Jacquiecharles,Port-au-Prince/Miami ,2008-07-09 01:05:15
1354231982301954050,@DrEricDing And are they also contagious? Or MORE contagious? I‚Äôm sick of this COVID. https://t.co/W3pb2HXlqh,OncorhynchusMyk,USA,2020-11-28 02:06:55
1354231970562150400,"@BBerghegger @heidiheather17 1) She is talking about governments response to COVID
2) Get some help moving on from‚Ä¶ https://t.co/sZkOwLE6bO",clthorne72,"Edmonton, Alberta",2009-03-15 04:25:32
1354231963700269057,"'Mission COVID Suraksha' - India's #COVID19Vaccine 

Development Mission being spearheaded by @DBTIndia is augmenti‚Ä¶ https://t.co/CMdTyrjO6V",Dr_rajivsaizal,"Kasauli, India",2013-08-05 07:48:40
1354231959577387008,"‚Äî Do you think that Zero-COVID strategy is the right way forward?
Christian Drosten: It would absolutely be worthwh‚Ä¶ https://t.co/46DfFh5Sr2",JoannaTeglund,"Stockholm,  Warszawa",2011-12-17 16:48:11
1354231949833940993,Taking a Covid Test New video out now! https://t.co/6vxnmoRgcs,MackenzroGaming,"Scotland, United Kingdom",2015-05-16 19:18:01
1354231931680993280,"@DailyCaller You got the quote wrong - it should read New Yorkers to Cuomo: ""Incompetent GOVERNOR kills people.  Mo‚Ä¶ https://t.co/tics7nTu3l",AmericanPi3141,Winterfell,2018-01-22 14:42:18
1354231931437768705,Speech: Prime Minister's statement on #Coronavirus (COVID-19): 26 January 2021 - https://t.co/c0rNM1Myqs #Covid19‚Ä¶ https://t.co/cjmLclzSXL,Agenparl,Roma,2010-07-19 08:38:21
1354231926282977285,"Palm Beach County - HOW YOU CAN GET A COVID SHOT????? 
Publix will take appointments TOMORROW morning starting at 6‚Ä¶ https://t.co/Cf320ilMTU",ChelseaReedFL,"Palm Beach Gardens, FL",2011-02-10 20:56:08
1354231923145646082,"Live now: 
Amazon Worker Poushawn Brown Dies After Working in COVID Testing Without... https://t.co/dWnxjJqdgR via @YouTube",sugarpantz,,2009-06-24 17:13:31
1354231922910662658,"Tweet from Comhr√° Dublin @ComhraDublin
Van Morrison says #Lockdown was a very strange move and asks ""why are we not‚Ä¶ https://t.co/RuB1N7miAE",WhoKnew37728651,FOLLOW BACK,2019-01-21 23:25:52
1354231922885603328,Golden Knights staff not coaching game due to COVID-19 precaution Source: https://t.co/s5HdJcUjFR Golden Knights ge‚Ä¶ https://t.co/S0mQjlBWAR,hockeyaddicts,"Vancouver, BC",2009-08-11 22:12:39
1354231906703798272,"Have a fake cry @MattHancock 

Matt Hancock tearful on live TV as first Britons receive Covid vaccine https://t.co/77E3SnWQzS via @YouTube",mafunyane23,,2018-04-16 20:45:11
1354231900722884612,"The psychology behind increased QR code scanning, panic buying after Northland Covid-19 case
https://t.co/zV2FNOFiAE https://t.co/AHK0ACqlDR",1NewsNZ,New Zealand,2008-04-04 09:03:48
1354231896377593863,"@janeytee @CNN Only a small minority died with, but not of

And of those who died of Covid, in the latest week 89.9‚Ä¶ https://t.co/CHHrQIDTTs",gordonrlove,"Central Belt, Scotland",2016-02-15 10:27:52
1354231886940413954,"Pres. Biden reinstated COVID-19 travel restrictions on most non-U.S. travelers from Brazil, Ireland, the¬†U.K. and 2‚Ä¶ https://t.co/2O3RZ6u3DE",ABCNewsLive,,2011-10-03 17:47:38
1354231874667864064,@vitriolkiss essay and coursework kicking my ass currently while i have minor covid symptoms https://t.co/VdtiSYTB3A,letsmegetme,‚ôìÔ∏è,2018-12-27 01:49:38
1354231864018546689,"Beware fake Covid vaccination invites, NHS warns https://t.co/nhzFqxl46z @grattongirl @TheInfluencers_‚Ä¶ https://t.co/a0BcgBJUBz",grattonboy,London | Toulouse,2009-05-01 09:06:18
1354231861548093442,"@AllTransLivesM1 maybe not my favorite vacation place ever, but i‚Äôve always loved san francisco. this was the last‚Ä¶ https://t.co/dhsMYxZEEw",koritzi9,North America,2020-04-05 01:43:25
1354231856321933319,@IainMulady @PrimalPolitical Not from COVID with COVID you lunatic. You are just so wrong but you refuse to see it. https://t.co/Z1BoVBKAVL,JamieFarmery1,,2013-11-01 23:01:20
1354231852647686146,Public confidence in &amp; willingness to get the #CovidVaccine is crucial to the public health effort. Here's a roundu‚Ä¶ https://t.co/om1wGgJT1i,WSMA_update,Seattle,2012-08-30 21:53:23
1354231850286395394,Oceandove Offers General Covid-19 Sanitization Services... https://t.co/wPRXGmZgUw,VMeetoo,Trinidad and Tobago,2015-03-08 16:59:17
1354231847937581058,President Biden announced that the federal government is working to secure 200 million more COVID-19 vaccine doses.‚Ä¶ https://t.co/pSkSdxUikg,WNCN,North Carolina,2007-03-29 17:21:02
1354231810411143168,@LanceContreras @JPrattle @packedpinchieez @HyeMente @GTGiftBoutique @BarrySlevin @MisterEBuddy991 @BFO5O6‚Ä¶ https://t.co/dX0BCem55b,Madd_Rez,"Ohio, USA",2020-10-24 23:01:05
1354231810180280324,Mono County Public Health COVID-19 testing scheduled for this Thursday (1/28) at the Mammoth Lakes Foundation has b‚Ä¶ https://t.co/T6dpTM3L0Q,CountyMono,"Mammoth Lakes, CA",2020-03-13 20:29:57
1354231805956780034,@tomselliott @NYGovCuomo Cuomo totally lacking in any self awareness. Cuomo the incompetent sent covid patients to‚Ä¶ https://t.co/5MlMzB7ZN2,hankgolfer, Living in high tax state CT,2010-05-30 11:46:20
1354231805935812608,"@HawleyMO DO YOUR JOB, stay off @FoxNews @MariaBartiromo Is not a journalist. She‚Äôs an idiot. She forgot to ask you‚Ä¶ https://t.co/e6FyEOaMfz",maskmatter,,2020-04-18 14:24:58
1354231804245512196,"‚ÄúOnce COVID is over‚Äù is starting to sound a lot like ‚Äúwhen will boruto anime get good"" https://t.co/ocHsSZK5XN",cBm__7,,2020-07-31 21:08:12
1354231795890278401,"@KREM2 So what it‚Äôs a virus &amp; it‚Äôs not going anywhere. Time to grow up &amp; move on. Oh yea there aren‚Äôt 400,000+ deat‚Ä¶ https://t.co/aiMdqJT0ur",Patzfan5112,48¬∞16‚Ä≤11‚Ä≥ N  117¬∞21‚Ä≤57‚Ä≥ W,2010-08-14 15:29:10
1354231795676565504,During COVID-19 these diseases are continuing to affect over 1.5 billion people in extreme poverty. It‚Äôs time to ma‚Ä¶ https://t.co/eQwNMsKnlR,Lexi3031,,2021-01-27 00:36:25
1354231786243461123,What Steph said ‚¨áÔ∏è. We spoke to 85 people and surveyed another 1500+ to learn about how Covid information is shared‚Ä¶ https://t.co/weUQut2tIU,c_pitman,Los Angeles,2011-05-30 19:52:28
1354231761719459841,"@COVID19Tracking 14 straight days of declining hospitalizations.

COVID-19 I have two words for ya..... https://t.co/KoV51LLifN",BobbyHead75,,2013-01-29 00:01:18
1354231758875549696,Sometimes really just want to resign. But knowing my company stock incentives at work will convert to cash by Febru‚Ä¶ https://t.co/Gc5CFz1pDo,PLHIV2010QC,"National Capital Region, Repub",2017-12-19 17:44:08
1354231755054731265,"@ConceptualJames Meanwhile on the CDC website...

‚ÄúYes, you are still considered a close contact even if you were w‚Ä¶ https://t.co/bym19wuy4U",MkayUokay,United States,2020-08-30 22:53:30
1354231753863553030,"I'm sorry, I know I shouldn't say this...but I cannot believe so many of you are going to school, to put yourselves‚Ä¶ https://t.co/TNp0gvFgXk",TheKomradeKenny,Toronto,2020-10-11 23:52:58
1354231752915623939,@tammy_marchand @randycaswell @curly_woowoowoo @MrNoushi1 @OceanBlueWave20 @waynerothe @BoytMoezy @HoldenAndrewBl1‚Ä¶ https://t.co/CtvWqNIiTb,extrasauce_E,,2020-02-01 04:02:05
1354231749233029120,"TCC Tuesday Tidbits - Issue 453
Covid-19 and Working Remotely
IT Security Tip #16: Make This Password Different Fro‚Ä¶ https://t.co/tmIQ1yZq0H",TCCJvl,"Janesville, Wisconsin",2012-02-24 00:25:28
1354231742106726400,I got vaccinated today &amp; feeling great! Thanks #UCLA #covid #vaccine üíâ ü¶† https://t.co/70VyqZdpYs,fdepazLA,"Los Angeles, CA",2017-09-05 05:04:51
1354231732137033735,"2nd dose ‚úÖ 
&amp; I‚ÄôM FULLY VACCINATED ‚ÄºÔ∏èüíâ 
.
#covid_19 #covid #covidvacccine #moderna #vaccinate #stopthespread‚Ä¶ https://t.co/xY5k5dMkKV",jessanne__,"Union, NJ",2010-07-09 03:22:55
1354231717209518081,‚ùóÔ∏èMACKENZRO GAMING‚ùóÔ∏è -üÜï - Taking a Covid Test üíñ https://t.co/3btzDQOp9k üíñ #ClashofClans #MobileGaming #Supercell,burntbasemedia,,2019-11-22 04:50:59
1354231709068185603,I make cards for each of the patients I care for. Here are the folks I‚Äôve cared for with COVID who have died (big s‚Ä¶ https://t.co/8p780yIAGG,arghavan_salles,"Palo Alto, CA",2016-08-26 20:54:54
1354231700172255232,"@Jim_Jordan First, it was gonna be just fine.
Second, Trump had it very well under control.
Thirds, the risk to the‚Ä¶ https://t.co/QDxnGeFRvl",ectgeorge,"Brooklyn, NY",2016-04-09 23:08:33
1354231663249809408,Are you eligible for the COVID-19 vaccine? Do you have questions about the vaccine itself? Our Central Iowa‚Ä¶ https://t.co/LI7PZH4kYx,FuseDSM,"Des Moines, Iowa",2011-06-27 18:07:15
1354231656912220160,Assumptions About $2000 Stimulus Check. From the newest episode of Politickin with Eddie. #presidentbiden #stimulus‚Ä¶ https://t.co/YaWsno3LYq,PolitickinEddie,,2019-03-05 00:51:47
1354231633218392067,@MattWolfAB @LiseGot Remember when @MattWolfAB mocked people who wanted to stop the spread of Covid (including doct‚Ä¶ https://t.co/WvSVGxsqpb,SnowmanYeg,,2021-01-18 16:15:32
1354231626243436544,"""... no autopsy...""
The MLHU did however have to classify his death in their COVID-19 reporting Saturday. Mackie sa‚Ä¶ https://t.co/xy1iMNkOIK",AllenS_Libertas,,2020-09-29 12:31:58
1354231622384693251,i was right. something bad happened and my grandma was going to go to hospital because of covid but in the ambulanc‚Ä¶ https://t.co/yJZJFderxE,JuliaBandosz,England/Poland,2011-09-30 18:41:15
1354231616957247489,.@ZACConline has opened investigations into laboratories &amp; individuals accused of issuing FAKE Covid-19 certificate‚Ä¶ https://t.co/Er5GtijKv2,EddieGore10,,2019-09-12 12:24:42
1354231615245967363,Shout out to our outstanding custodial crew at Raritan High School representing the HazletTownship Public Schools s‚Ä¶ https://t.co/ynsBWHeK1q,RaritanSports,Raritan High School,2011-01-09 03:41:12
1354231608023404545,not my mam spending her whole birthday crying about her disabled sister‚Äôs worsening covid symptoms... the world is‚Ä¶ https://t.co/prcHSDfJNq,stxtements,üáÆüá™,2015-05-09 21:18:29
1354231605271830529,"Update on COVID in California - things are looking better.

Deaths lag, so we should expect some awful numbers in t‚Ä¶ https://t.co/3zQWQzisGU",PeterJ_Walker,,2020-03-13 23:58:47
1354231601010536453,Three teachers died of COVID in homeboy's county this week. Children have active shooter drills on a regular basis‚Ä¶ https://t.co/dKlf0uMcVM,Dr_Magnifico,"Georgia, USA",2009-07-07 03:17:34
1354231599521558529,Amazon Worker Poushawn Brown Dies After Working in COVID Testing Without... https://t.co/uorCVve6hv via @YouTube #BoycottAmazon #Covid_19,JJkeepitcute,"New York, NY",2014-11-16 05:33:18
1354231589752823811,Fmr. Covid Task Force Advisor: I Was Told To ‚ÄòWatch‚Äô Dr. Birx | All In |... https://t.co/7gqwOpw0N0 via @YouTube‚Ä¶ https://t.co/GjtTeWuKrT,CulverCityNIMBY,Culver City CA USA,2015-02-12 00:40:08
1354231576419307530,12/(25/01) COVID-19 #Peru üáµüá™ https://t.co/gn0VoumekI,rparrawong,Sudam√©rica,2010-05-23 17:36:04
1354231569167347716,"10/(26/01) COVID-19 #Peru üáµüá™ 

SINADEF AL 25/01: https://t.co/EMLd4PVb2e",rparrawong,Sudam√©rica,2010-05-23 17:36:04
1354231567443521538,"Besides this COVID shit, this is also why I got the best quarantine body in the 915 ü§§ https://t.co/LMElWPDQub",yingyangsamurai,,2010-06-07 05:54:11
1354231559675666433,8/(26/01) COVID-19 #Peru üáµüá™ https://t.co/ovCiZ3wrnK,rparrawong,Sudam√©rica,2010-05-23 17:36:04
1354231555561054208,"At @CSSNYorg's #RaceForMayor Forum, @RayForMayor points to better advanced planning and tighter integration between‚Ä¶ https://t.co/R3J5tmW3so",NYUMcSilver,"New York, NY",2012-09-13 19:13:03
1354231555179294722,7/(26/01) COVID-19 #Peru üáµüá™ https://t.co/GhG3oS4ad5,rparrawong,Sudam√©rica,2010-05-23 17:36:04
1354231550179684353,6/(26/01) COVID-19 #Peru üáµüá™ https://t.co/NB5IM2sLhX,rparrawong,Sudam√©rica,2010-05-23 17:36:04
1354231545461166081,5/(26/01) COVID-19 #Peru üáµüá™ https://t.co/uFvgbKECfX,rparrawong,Sudam√©rica,2010-05-23 17:36:04
1354231540390260742,4/(26/01) COVID-19 #Peru üáµüá™ https://t.co/wajFe3LQgb,rparrawong,Sudam√©rica,2010-05-23 17:36:04
1354231535172521989,3/(26/01) COVID-19 #Peru üáµüá™ https://t.co/ybBmCfnbZz,rparrawong,Sudam√©rica,2010-05-23 17:36:04
1354231524334456834,@JoeNBC @hanna_hurley @cookcountygov Really?? Tell that to @CharlieBakerMA . SMOKERS are getting vaccinated before‚Ä¶ https://t.co/vdVcTvtJyc,gailDrich,,2012-11-12 14:46:04
1354231523889860612,"‚ÄòI‚Äôm deeply sorry‚Äô: UK surpasses 100,000 COVID deaths - https://t.co/iSyMVYMrh3 https://t.co/gOmk1pOH9I",my234Radio,"UK, USA, Jamaica and Nigeria",2013-07-17 16:30:59
1354231515866157069,"‚ÄòI‚Äôm deeply sorry‚Äô: UK surpasses 100,000 COVID deaths - https://t.co/zepsgJMLf4 https://t.co/30fzpdZnd5",djokaymegamixer,"Lagos, Nigeria",2010-03-20 02:42:11
1354231514993627146,@SharonaMalonaB I dug into it more and found this gem of an article. Check out they got the gig:‚Ä¶ https://t.co/vU8bDw3Chv,DennisKoch,,2009-01-06 16:23:53
1354231511877353472,"KISCO hosted a seminar in #Vietnam to highlight our new, eco-friendly and high-functioning #dyes. We also discussed‚Ä¶ https://t.co/H5iU2o4232",KISCOChem,"Seoul, Korea",2015-02-03 17:57:12
1354231508542873600,This is a new Social gathering for Salsa Bachata Some Rumba Mambo and whatever other Latin music you can possibly t‚Ä¶ https://t.co/UagfOpbqQ3,DjJerryO,"Delrey Beach,Florida",2009-06-11 22:56:45
1354231507875979264,"For anyone who‚Äôs not a scientist, here‚Äôs the importance of wearing a mask simplified and visualized #masks #mask‚Ä¶ https://t.co/M09rQH8G9F",timyoungdc,"Washington, DC",2009-06-10 17:22:33
1354231480709353474,@aptcpacific announced the launch of two new micro-credential courses as part of its COVID-19 response with‚Ä¶ https://t.co/FmWqMnvors,UNCDFPFIP,Pacific Islands,2013-07-02 03:45:12
1354231480654966785,"@AdamTGorham I‚Äôve made some that I like and haven‚Äôt been able to share due to COVID. 

Happy to send you a couple.‚Ä¶ https://t.co/BkSuZtL9tX",robrebooted,Bleeding pixels in the gutter.,2011-08-30 18:37:24
1354231456374140928,me faking i have covid again so i can stay at home and watch whatever the hell is happening tomorrow https://t.co/8Fc2uF5opC,shxmandalie,{she/they} lesbian // xxiii,2017-02-07 16:43:51
1354231445775126530,"This is the life

The good old days before Covid

https://t.co/wpzkC9kg0u",IamalrightJack,District 12 Panem.,2010-03-29 22:33:54
1354231436790951936,"Peru volunteer in Sinopharm vaccine trial dies of COVID-19 pneumonia, university says https://t.co/XD0rPvND8V https://t.co/1Tepdu09vV",Reuters,Around the world,2007-03-20 17:46:05
1354231432735059969,So many families have had to turn to online fundraisers like GoFundMe to pay for funerals for friends or relatives‚Ä¶ https://t.co/g62ZCboBI7,EvainIowa,"Des Moines, IA",2012-01-01 20:32:58
1354231414863126529,"Although COVID-19 may have increased the workload of businesses all over the country, @TGC shares uplifting insight‚Ä¶ https://t.co/9IPbBe9p5Y",BiolaCSB,"La Mirada, CA",2012-07-02 21:35:12
1354231412862439424,"Budweiser, Coke and Pepsi are among the brands sitting on the sidelines this Super Bowl, pointing to COVID-19 and t‚Ä¶ https://t.co/LRWb88AaCE",CanadianGrocer,"Toronto, Canada",2011-10-06 19:20:54
1354231409423093761,Riley pharmacist‚Äôs worlds collide in vaccine effort - While Michael McGregory handles the logistics of COVID-19 vac‚Ä¶ https://t.co/Int2ypvDHL,RileyChildrens,"Indianapolis, IN",2009-06-17 20:16:18
1354231409313943558,An Island First Nation says their concern for COVID is constant ‚Äî but Cowichan Tribes say in the middle of an outbr‚Ä¶ https://t.co/NyZynZz8eX,CTVNewsAlanna,"Victoria, British Columbia",2009-04-28 21:05:13
1354231408252903432,LFPH GM @BrianBehlendorf talks with @tfir_io @SwapBhartiya about how exposure notification apps COVID-Green and COV‚Ä¶ https://t.co/waYeeHf99V,linuxfoundation,"San Francisco, CA",2008-05-08 21:46:41
1354231406134767618,"Literally my ambition in life is to play music and drink. Dance a little, travel a little so c'mon COVID. Wrap it u‚Ä¶ https://t.co/GOdqW4FAFN",IAmJoyThompson,"Music, Musique, Muziki, üëáüèæ ",2009-06-19 16:42:12
1354231404041789441,One of the measures to me of a great song is how it sounds when someone else covers it. This multi-artist COVID cov‚Ä¶ https://t.co/8ldbeVqSME,ron_miller,,2007-05-08 19:44:50
1354231402988974080,"REMINDER

COVID-delayed awards shows this year

I still think one of those two 3/14 shows should move again https://t.co/TvUWctdpkW",BaseballFan207,,2009-12-15 18:35:14
1354231400585519107,@caitlindelander why would you wish anyone covid  https://t.co/4OIN6rh017,iKithJimin,Í∑ºÎç∞ ÎßêÏïº Í∞ÄÎÅî ÎÇòÎäî ÎÇ¥Í∞Ä ÎÑàÎ¨¥ÎÑàÎ¨¥ ÎØ∏Ïõå ÏÇ¨Ïã§ ÍΩ§ÎÇò ÏûêÏ£º ÎÇòÎäî ÎÇ¥Í∞Ä ÎÑàÎ¨¥ ÎØ∏Ïõå ÎÇ¥Í∞Ä ÎÑàÎ¨¥ ÎØ∏Ïö∏ Îïå ÎÇú ÎöùÏÑ¨Ïóê ÏôÄ ‚Äî‚Äî  ‡øî*:ÔΩ•Ôæü,2020-08-14 04:55:09
1354231372429160450,Paul Weston   This One Covid Lie Will Bring Down The British Government https://t.co/tu2nth5T08 via @YouTube,mckevett_john,,2020-01-27 23:28:54
1354231365441609731,"Just how fast is the U.S. vaccine rollout rolling? https://t.co/X44f34eIT3 
By BY LUCY TOMPKINS from NYT U.S.‚Ä¶ https://t.co/4DLkLgkN1C",VaradeNitin, ‡§õ‡§§‡•ç‡§§‡•Ä‡§∏‡§ó‡•ù ,2016-09-16 14:46:46
1354231361696124928,A state representative is kicked out of Georgia‚Äôs House chamber after refusing to be tested.‚Ä¶ https://t.co/1gpGAOGy43,VaradeNitin, ‡§õ‡§§‡•ç‡§§‡•Ä‡§∏‡§ó‡•ù ,2016-09-16 14:46:46
1354231353911328768,"So maybe if we have an election and Trudeau is removed, Covid will end, just like it appears to be in the US ? https://t.co/4KXZT4bRAC",cheryl1492,Alberta,2012-05-06 02:18:17
1354231350648328192,"I've experienced no personal COVID losses (my aunt caught it last year), but I'm just as pissed as everyone else. I‚Ä¶ https://t.co/sNkT3sBFYl",MaxineIsATwit,Brexit Island,2010-02-20 15:42:51
1354231300673179648,They say missing someone causes insomnia. But have you ever tried being retrenched at work juring a covid 19 pandem‚Ä¶ https://t.co/4t4ZUoXkNp,PhillipTMpyane,Pretoria South Africa,2011-10-28 09:24:25
1354231297909141505,"üö®Enviroklenz Air System's Plus, Air Purifiers Stops Traps And Kill All Covid-19 Aerosol Transmissions In All Indoor‚Ä¶ https://t.co/0P4fp1F1uQ",stepseven7,Global. / I'm not a robot.,2009-08-08 10:37:38
1354231289805762560,Update: The @CityofCC and @NuecesCo will host a joint COVID-19 news conference Wed. at 5 PM to brief the public on‚Ä¶ https://t.co/ub6H2plpAY,NuecesCo,"Nueces County, TX",2020-03-21 18:31:54
1354231259099144192,"Workers pack protective suits at a workshop in Fengdu County of Chongqing, southwest China, Jan. 25, 2021. The fact‚Ä¶ https://t.co/ZpVUyeFpk0",AboutChina_,,2019-10-17 08:26:19
1354231258419617793,"Minnesota launches COVID-19 vaccine lottery for seniors - 
Senior residents in Minnesota have been given 24 hours t‚Ä¶ https://t.co/edKl0mZam9",iWeller_health,,2012-07-31 17:55:29
1354231256351793154,The #Dutch have gone from the polder model to protest mayhem... https://t.co/lFlTfkmgHi https://t.co/HybOb1UXYg,petercook,"New Orleans, Louisiana",2008-03-12 22:41:38
1354231253625671680,"I will just say this and be straightforward. STFU. They just got into office. First, they have to tackle #Covid_19.‚Ä¶ https://t.co/2ktOBm1Tgm",iamchanteezy,"New York, NY",2009-05-27 21:28:58
1354231247350988801,Covid Test a blow by blow account with @ClashWStyle https://t.co/cqCKkfUDPP,MackenzroGaming,"Scotland, United Kingdom",2015-05-16 19:18:01
1354231246080122880,The fact airlines are JUST NOW adding negative COVID test to traveling requirements just doesn‚Äôt make since to me. https://t.co/2uinQtX0Xp,atailoredstate,"New York, USA",2009-11-03 23:13:50
1354231211145756672,"No vaccine for teachers for at least a month ‚úÖ
Repeal mask mandate, the best protection from stopping COVID spread‚Ä¶ https://t.co/O8yAEzGbGc",BenHubing,WI,2012-08-29 13:55:00
1354231209308647425,Suh him Neva feel seh sumt covering his mouth? Lmao that banana dun catch Covid cya bite datüòÇ https://t.co/Imbkf4tQCf,tunus18,üáØüá≤,2011-12-31 00:33:24
1354231206523580416,"Utah sees positive COVID-19 trends, doctors warn not to get complacent https://t.co/Mbyuk3CcAB https://t.co/825ptLtKU1",fox13,"Salt Lake City, Utah",2009-04-01 17:43:12
1354231204099186690,Really proud of #EPSB - our admin. &amp; Trustees for continuing to be so transparent in how COVID-19 is affecting our‚Ä¶ https://t.co/XyZ1pOXuy1,TrishEstabrooks,"Edmonton, AB",2012-08-31 02:55:07
1354231195010269186,"@Holly_Lanier1 @GaDPH Let me correct my tweet above. On 1/25/21, the allocation of Covid vaccines increased 190,575‚Ä¶ https://t.co/IiKPRupwoE",Gary_H_W_Smith,"GA and NYS (birthplace), USA",2020-04-01 19:08:09
1354231193743495170,Taiwan pushes virtual care amid COVID https://t.co/l4CWJO8cYx via @YouTube,EvadoCEO,Melbourne,2009-05-20 03:17:47
1354231184507736066,prohibiting DHS from enforcing mandatory vaccinations in a public health emergency for COVID-19. I do not support t‚Ä¶ https://t.co/tcZCwJkPD2,RepMyers,"Milwaukee, WI",2019-01-06 03:18:37
1354231183266164740,"D-list celebrities flouting Covid 19 rules again. Not a good look, @hgtv. Tired of your ‚Äúcelebrities‚Äù doing whateve‚Ä¶ https://t.co/OPhb2tVTYK",chrissyfern,,2014-09-05 22:54:23
1354231177457106946,Dr. Ashish Jha on the COVID-19 Variants and Troubled Vaccine Rollout | W... https://t.co/ix2bZVrR7x via @YouTube,plattonian,"Fort Worth, TX",2009-07-05 23:55:54
1354231175800184836,UK Variant Spreading in the US as COVID Mutations Raise Stakes https://t.co/MrL5G9yfnL https://t.co/sGdN30DOnX,DoctorsBizNet,"Los Angeles, CA",2014-06-26 20:37:06
1354231166086246405,NBA TV's Sekou Smith Dead at 48 After COVID Battle https://t.co/BwWO3VN2jS @tmz #tmz #entertainment https://t.co/y95jaBlFcB,popcultureshow,,2020-03-28 21:02:10
1354231150793940994,@BHHSRealEstate #home buyers &amp; sellers will not be using your #RealEstate services as you contribute to unethical s‚Ä¶ https://t.co/IpWrpXfXhe,sunbeanz,ON EARTH,2011-03-12 19:00:02
1354231148445106179,"How can leaders best support employees &amp; continue to build culture in 2021? Ruby CEO, Kate Winkler, joins a panel o‚Ä¶ https://t.co/ha4qgHxgqQ",CallRuby,"Portland, OR",2009-06-04 06:56:19
1354231147723706368,"President Andr√©s Manuel L√≥pez Obrador has played down the pandemic, and many Mexicans wonder if his own illness wil‚Ä¶ https://t.co/FJr3yswaq7",Alex33536295,,2020-10-19 02:14:05
1354231146964537348,"Jan 17
F Picardo Press Release Twit:

COVID-19 deaths increased: 43 https://t.co/Bh3E7H0DTv",AWatson47,"West Midlands, England, U.K.",2012-06-14 22:50:46
1354231140371079168,"Gibraltar had its first Covid death in mid-November. Pfizer vaccinations began early January. Now 69 dead.

I'm not‚Ä¶ https://t.co/uZufbOwRAv",JeffWellsRigInt,,2012-05-11 02:20:42
1354231133450481668,"It's been a year since the first covid case in Canada eh?

Time flies when you're NOT having fun!

@KirstiinJFM‚Ä¶ https://t.co/59qb51TVFQ",VirginRadioYYC,Best city in the world... YYC,2010-06-29 23:53:26
1354231130657091585,My uncle on the phone talking about his COVID conspiracy theories https://t.co/Zam5L8WEbh,DameDiggity,"Georgia, USA",2019-11-08 22:31:24
1354231122998272002,"27% of teachers are considering leaving the profession because of Covid. 

Headlines like this are irresponsible an‚Ä¶ https://t.co/WVyygI6iz0",appodlachia,Appalachia,2019-07-19 13:43:29
1354231107915571201,"Tighter COVID-19 measures are being enforced in Manchester for the next two weeks, to control the rapid spread of t‚Ä¶ https://t.co/uGVl7ADb9s",JISNews,Jamaica,2011-06-17 18:59:17
1354231107118534656,USA: San Diego zoo gorillas to get covid-19 vaccine after an outbreak there | NYPost | Jan 26 2021‚Ä¶ https://t.co/cBvAyyNj0K,neurosocialself,KJH | Sydney | Australia,2015-01-31 12:35:32
1354231098461597697,The wealthy Vancouver couple accused of flying to a remote Yukon town to get vaccinated against COVID-19 won‚Äôt be a‚Ä¶ https://t.co/I8KGEXdL9r,CityNewsVAN,"Vancouver, British Columbia",2009-01-02 16:04:00
1354231098369306628,The wealthy Vancouver couple accused of flying to a remote Yukon town to get vaccinated against COVID-19 won‚Äôt be a‚Ä¶ https://t.co/5ERumsvE2C,NEWS1130,Vancouver,2009-09-02 21:25:55
1354231093038362625,The latest pod is up now! @wendywild @BroadwayJaki #Inauguration2021 #biden #covid #ExecutiveOrder #coronavirus https://t.co/JVx93VfMEf,giveourtake,,2020-08-17 19:31:54
1354231080862289921,Btw I got my first covid vaccine today xxxxxxxxx https://t.co/R7mvVEeF7F,Hale_Fail,"London, England",2010-09-05 16:20:06
1354231066261909505,me to my mom n my brother when my dad tested positive for covid https://t.co/WLxeq5joJp,YordiAGC,New York | 19 | ‚ôêÔ∏è,2014-07-09 05:58:37
1354231066219962368,Biden says US to buy 200 million more COVID vaccine doses - https://t.co/tBfSTSEADM https://t.co/M5Mt55T4Vf,my234Radio,"UK, USA, Jamaica and Nigeria",2013-07-17 16:30:59
1354231061321015296,"@TimesLIVE Commission of inquiry, cyclone, Cyril, COVID and yoll thought it would be useful to tell us about‚Ä¶ https://t.co/zjeDt0FTzr",Yhu_Abelungu,South Africa,2019-09-23 14:35:40
1354231060507357189,Biden says US to buy 200 million more COVID vaccine doses - https://t.co/9lYX8dxmtY https://t.co/QiPdKQp4Yz,djokaymegamixer,"Lagos, Nigeria",2010-03-20 02:42:11
1354231053527904259,USA: San Diego zoo gorillas to get covid-19 vaccine after an outbreak there | NYPost | Jan 26 2021‚Ä¶ https://t.co/yhYD8qasrv,redball2,K J Hyett | Sydney | Australia,2010-08-22 02:46:55
1354231048654053376,January 26 COVID-19 Test Results and Vaccinations; January Now Deadliest Month https://t.co/WxE2uugqMv https://t.co/WYtsgA2WRr,calculatedrisk,United States,2009-02-24 23:06:27
1354231042459230209,Covid hair don‚Äôt care #COVIDHAIR #DontCare #selfie #fitness #FitnessMotivation #BlueEyes #spacebuns #tuesdayvibe https://t.co/7NG1ZS1s3U,KatSandra_369,"Toronto, Ontario",2009-06-10 00:20:29
1354231024373346305,"Update 01/26/2021 
IDPH Covid-19 
New cases: 884
Total cases:  314,421
Individuals tested:  11,693
Additional death‚Ä¶ https://t.co/dbYsH2lnRa",WesBreckenridge,"Newton, IA",2015-09-25 22:42:40
1354231014680391683,"#nycmayor Election 2021 amid COVID: @AndrewYang is standing, @RayForMayor with the killer Zoom setup https://t.co/HPqkllkITE",byTaidgh,"New York, NY",2016-04-09 14:58:30
1354231007382302720,"First tweet gotta make it count. Anyone's nan want a day out in covid, Is a fan of jigsaws and wallpapering as I ha‚Ä¶ https://t.co/8O81feXlaZ",rez1991,"Gildersome, England",2011-10-05 15:57:50
1354230995097186308,"That NY Covid must be the worst of them all.....you catch it in NY, your government wants that Covid death for futu‚Ä¶ https://t.co/EJTCUGa4mh",scleatherneck,The Palmetto State ,2013-03-27 07:46:36
1354230994899877890,@MattWolfAB @CupeAB Remember when @MattWolfAB mocked people who wanted to stop the spread of Covid (including docto‚Ä¶ https://t.co/fOLQOS2VZC,SnowmanYeg,,2021-01-18 16:15:32
1354230982354890752,"@DaveChappelle I'm praying for you.
Dave Chappelle tests positive for COVID-19 https://t.co/Qq9MkP4zCl via @Yahoo",_msjad,,2013-01-31 23:14:55
1354230959806279682,I really feel like a recluse with the covid-19 precautions. It‚Äôs weird. https://t.co/GDtCA5XUl3,MiujizaMilagro,Freedom Side,2013-01-27 01:37:52
1354230956190789633,@AllTransLivesM1 I got my second Covid vaccine today and the immune response just kicked in https://t.co/sH7W3sQ84D,JenniferBair17,"New York, USA",2020-04-19 11:49:14
1354230931712856066,"UK worse than US, COVID-19. https://t.co/1v5IeZl2EP via @YouTube",chiriac_mihai,,2012-05-31 19:51:14
1354230917062131712,"Essential workers, disability advocates fear being left out as California shifts to age-based COVID-19 vaccine prio‚Ä¶ https://t.co/wOok4Ds0lT",globalissuesweb,"Greater Portland, Oregon, USA",2009-08-12 18:07:19
1354230905938743299,"26 charges laid against York Region retailers, customers for COVID-19 violations https://t.co/tq5HrIm1pN https://t.co/loh8ygadll",newmarkettoday,"Newmarket, Ontario",2018-07-30 18:23:40
1354230904353415169,"#COVID19 is becoming more genetically diverse, &amp; #health officials say the high rate of new cases is the main reaso‚Ä¶ https://t.co/IZNZnjmk8p",ReachMD,"Fort Washington, PA",2008-09-24 20:54:51
1354230899513171968,"ü¶† COVID-19 CASE DATA FOR TUESDAY:

üß™ New Carbon cases: 46 (4,196 total)
üôè New Carbon deaths: 2 (120 total)
‚õî New Ca‚Ä¶ https://t.co/CCUAUTKV1V",RepHeffleyPA,"Carbon County, PA",2016-05-23 15:31:02
1354230895977312258,"PCR Lab Visit: Whistleblowers Kevin McKernan, Bobby Malhotra Explain Why COVID Tests are ""Garbage"" @ https://t.co/BXMHtJIK8X",KarinaRa1776,"Massachusetts, USA",2019-12-05 15:47:44
1354230894253404162,‚ÄúNew Zealand‚Äôs response to COVID-19: implications for managing future biosecurity threats.‚Äù Hear Prof Michael Baker‚Ä¶ https://t.co/6LFsfWNzX0,OtagoNSS,St Margaret's College,2020-01-09 23:12:07
1354230892881989638,#F1: Mercedes AMG F1 boss Christian Toto Wolff contracted Covid-19 in January 2021 - Lewis Hamilton 2021 Formula On‚Ä¶ https://t.co/uJINb8fnnQ,F1SA,UK,2009-01-08 10:15:15
1354230886858780676,"ÂúñÁâá‰æÜÊ∫êÔºöhttps://t.co/H0uCGulIXx
USA, WHO, UN, EU, facebook, and twitter are controlled by China. That's why many peopl‚Ä¶ https://t.co/MqQ5DsR4Xc",lee_shunwei,"Hsinchu City, Taiwan",2018-03-09 10:41:34
1354230864482168837,Covid-19: Northland community case's close contacts return negative results https://t.co/G6D32qNvVp https://t.co/uqYCB7h0Vy,MSNNZ,New Zealand,2010-09-26 21:55:37
1354230862041198593,COVID Pfizer 2nd Dose Immunizations Begin January 27.  1st Doses Administered Mornings Only Until Lot Fills.‚Ä¶ https://t.co/tvlAXhd0OU,SouthLakeTablet,"Florida, USA",2017-03-24 02:14:30
1354230861005283329,Biden administration to ramp up COVID-19 vaccine¬†distribution https://t.co/jZAMU3A7u2 https://t.co/bBtr1hHv5i,alaturkanews,"Los Angeles, CA",2012-09-29 19:04:08
1354230853753298944,"Winston, an elderly silverback gorilla at the San Diego Zoo Safari Park in California, has recovered from Covid-19.‚Ä¶ https://t.co/nmGiQSQhvT",Freelan92111529,,2020-12-03 11:23:47
1354230851056201729,"Cozy day baking, taking covid naps, doing homework, feelin as comfy as someone in this position could be üßö‚Äç‚ôÄÔ∏è I‚Äôve‚Ä¶ https://t.co/gfuxVQ0ozG",ladytheremin,paypal.me/umastheremin,2019-08-24 18:09:39
1354230793116258305,@SaraGonzalesTX Been a year of covid the man who said no masks...then Masks...now for goodness sake 2 MASKS!! What‚Äô‚Ä¶ https://t.co/arttUqyMki,JodyFra88777071,,2021-01-16 00:53:10
1354230776024485892,New up and coming designer please check me out going through different situations due to covid 19 https://t.co/RrejhjUhmG,KShort26,,2021-01-27 00:37:20
1354230775877660672,"So on TikTok there‚Äôs a trend for people that have gotten the covid vaccine and ü•∫ü•∫

Going through my camera roll pre‚Ä¶ https://t.co/4sis3v4Zzh",_RiotKaren,üè≥Ô∏è‚Äçüåà,2011-06-07 21:10:00
1354230764896976897,Resume inflation and tech CEO smarm feels like a natural progression from high school grade-grubbing and college ap‚Ä¶ https://t.co/nvr53PflhW,ApocalypticaNow,"Philadelphia, PA",2014-01-18 05:35:46
1354230749591785472,"Simple photo shows extent of virus horor - 
There‚Äôs been a lot of big numbers during the COVID-19 crisis, so they m‚Ä¶ https://t.co/DuCPk4bZRI",iWeller_health,,2012-07-31 17:55:29
1354230743711567872,"@laurenboebert Former President Trump is an idiot, Liar, Grifter, Idiot, Racist, Rapist, Liar, Loser, Wannabe dicta‚Ä¶ https://t.co/uyK7kgM277",YippySkippy46,,2014-08-13 15:51:44
1354230735067086851,"CBC News: The National  | COVID-19 in Canada, one year later | Jan. 25, ... https://t.co/aJCRxjpgmz via @YouTube",GunamSean,,2020-12-27 16:50:53
1354230714305105923,Even before COVID I was missing hearing these old slow sounding gospel songs in church! Ones that make you rock bac‚Ä¶ https://t.co/JkZ04zTQqA,somethingwithin,,2009-01-19 02:17:21
1354230706361262082,"We lift our prayers up for Senator Leahy, those fighting Covid, and those who need strength, comfort, and peace. https://t.co/fR5dV8n44V",Come_Oon_Man,United States of America,2017-10-28 11:18:22
1354230698341773316,"@caitlindelander as someone who‚Äôs had covid before, shut the f,ck up. look at the ratio. delete this.  https://t.co/cvKKC2QroI",gothboymalik,unfuckwitable ÔΩ•:*‚Çä‚Äß,2020-11-11 00:19:03
1354230695602876416,"My heart breaks to learn of the passing of the incomparable and young @SekouSmithNBA of NBA TV due to Covid-19.

At‚Ä¶ https://t.co/EQKeSiSwG7",MarcRyanOnAir,Greenville Spartanburg Clemson,2010-08-05 19:07:57
1354230681522548739,Update: The City and @NuecesCo will host a joint COVID-19 news conference Wednesday at 5 PM to brief the public on‚Ä¶ https://t.co/VRdencWPaq,cityofcc,"Corpus Christi, TX",2009-04-16 20:15:21
